id_alat,tanggal,jam,sensor1,sensor2,sensor3,sensor4,sensor5,sensor6,sensor7,sensor8,sensor9,sensor10,sensor11,sensor12,sensor13,sensor14,sensor15,sensor16,
10214,2025-11-14,00:00:00,0.00,7,23.26,95.73,977.95,0.12,14.88,0.00,0.00,0.00,1,0,1,44.40,12.86,32.80,
10214,2025-11-14,00:01:00,0.00,7,23.26,95.96,977.94,0.12,14.88,0.00,0.00,0.00,1,1,1,44.40,12.71,32.80,
10214,2025-11-14,00:02:00,0.00,7,23.19,95.85,977.91,0.12,14.88,0.00,0.00,0.00,1,0,1,44.40,12.71,32.80,
10214,2025-11-14,00:03:00,0.00,7,23.27,95.88,977.90,0.12,14.88,0.00,0.00,0.00,1,0,1,44.40,12.60,32.80,
10214,2025-11-14,00:04:00,0.00,7,23.19,95.72,977.89,0.12,14.88,0.00,0.00,0.00,1,0,1,44.40,12.63,32.80,
10214,2025-11-14,00:05:00,0.00,7,23.22,95.71,977.86,0.12,14.88,0.00,0.00,0.00,1,0,1,44.40,12.83,32.80,
10214,2025-11-14,00:06:00,0.00,7,23.19,95.83,977.84,0.12,14.88,0.00,0.00,0.00,1,0,1,44.40,12.57,32.80,
10214,2025-11-14,00:07:00,0.00,7,23.22,95.85,977.82,0.12,14.88,0.00,0.00,0.00,1,0,1,44.40,12.86,32.80,
10214,2025-11-14,00:08:00,0.00,11,23.26,95.83,977.81,0.12,14.88,0.00,0.00,0.00,1,0,1,44.40,12.57,32.80,
10214,2025-11-14,00:09:00,0.00,11,23.22,95.88,977.81,0.12,14.88,0.00,0.00,0.00,1,0,1,44.40,12.71,32.80,
10214,2025-11-14,00:10:00,0.00,11,23.25,95.85,977.79,0.12,14.88,0.00,0.00,0.00,1,0,1,44.40,12.54,32.80,
10214,2025-11-14,00:11:00,0.00,12,23.26,95.82,977.77,0.12,14.88,0.00,0.00,0.00,1,0,1,44.40,12.66,32.70,
10214,2025-11-14,00:12:00,0.00,12,23.13,95.82,977.78,0.12,14.88,0.00,0.00,0.00,1,0,1,44.40,12.66,32.70,
10214,2025-11-14,00:13:00,0.00,12,23.16,95.77,977.77,0.12,14.88,0.00,0.00,0.00,1,0,1,44.40,12.86,32.70,
10214,2025-11-14,00:14:00,0.00,12,23.26,95.75,977.76,0.12,14.88,0.00,0.00,0.00,1,0,1,44.40,12.80,32.70,
10214,2025-11-14,00:15:00,0.00,5,23.17,95.69,977.73,0.12,14.88,0.00,0.00,0.00,1,0,1,44.40,12.57,32.70,
10214,2025-11-14,00:16:00,0.00,5,23.27,95.69,977.71,0.12,14.88,0.00,0.00,0.00,1,0,1,44.40,12.57,32.70,
10214,2025-11-14,00:17:00,0.00,5,23.20,95.64,977.71,0.12,14.88,0.00,0.00,0.00,1,0,1,44.40,12.63,32.70,
10214,2025-11-14,00:18:00,0.00,5,23.23,95.54,977.71,0.12,14.88,0.00,0.00,0.00,1,0,1,44.40,12.63,32.70,
10214,2025-11-14,00:19:00,0.00,5,23.27,95.48,977.70,0.12,14.88,0.00,0.00,0.00,1,0,1,44.40,12.83,32.70,
10214,2025-11-14,00:20:00,0.00,5,23.20,95.44,977.68,0.12,14.88,0.00,0.00,0.00,1,0,1,44.40,12.86,32.70,
10214,2025-11-14,00:21:00,0.00,30,23.19,95.30,977.67,0.12,14.88,0.00,0.00,0.00,1,0,1,44.40,12.77,32.70,
10214,2025-11-14,00:22:00,0.00,30,23.20,95.23,977.66,0.12,14.88,0.00,0.00,0.00,1,0,1,44.40,12.57,32.70,
10214,2025-11-14,00:23:00,0.00,11,23.20,95.15,977.65,0.12,14.88,0.00,0.00,0.00,1,0,1,44.40,12.54,32.70,
10214,2025-11-14,00:24:00,0.00,11,23.25,94.98,977.66,0.12,14.88,0.00,0.00,0.00,1,0,1,44.40,12.63,32.70,
10214,2025-11-14,00:25:00,0.00,11,23.20,95.00,977.65,0.12,14.88,0.00,0.00,0.00,1,0,1,44.40,12.80,32.60,
10214,2025-11-14,00:26:00,0.00,11,23.23,94.94,977.65,0.12,14.88,0.00,0.00,0.00,1,0,1,44.40,12.80,32.60,
10214,2025-11-14,00:27:00,0.00,11,23.17,94.95,977.64,0.12,14.88,0.00,0.00,0.00,1,0,1,44.40,12.69,32.60,
10214,2025-11-14,00:28:00,0.00,11,23.13,94.99,977.64,0.12,14.88,0.00,0.00,0.00,1,0,1,44.40,12.57,32.60,
10214,2025-11-14,00:29:00,0.00,11,23.19,94.92,977.62,0.12,14.88,0.00,0.00,0.00,1,0,1,44.40,12.80,32.60,
10214,2025-11-14,00:30:00,0.00,11,23.23,94.92,977.61,0.12,14.88,0.00,0.00,0.00,1,0,1,44.40,12.54,32.60,
10214,2025-11-14,00:31:00,0.00,11,23.26,94.93,977.61,0.12,14.88,0.00,0.00,0.00,1,0,1,44.40,12.80,32.60,
10214,2025-11-14,00:32:00,0.00,11,23.23,94.96,977.57,0.12,14.88,0.00,0.00,0.00,1,0,1,44.40,12.71,32.60,
10214,2025-11-14,00:33:00,0.86,47,23.26,95.01,977.57,0.12,14.88,0.00,0.00,0.00,1,0,1,44.40,12.71,32.60,
10214,2025-11-14,00:34:00,0.00,38,23.26,95.07,977.52,0.12,15.25,0.00,0.00,0.00,1,0,1,44.40,12.80,32.60,
10214,2025-11-14,00:35:00,0.61,37,23.23,95.03,977.51,0.12,14.88,0.00,0.00,0.00,1,0,1,44.40,12.54,32.60,
10214,2025-11-14,00:36:00,0.00,30,23.22,95.33,977.46,0.12,14.88,0.00,0.00,0.00,1,0,1,44.40,12.80,32.60,
10214,2025-11-14,00:37:00,0.00,46,23.23,95.35,977.43,0.12,14.88,0.00,0.00,0.00,1,0,1,44.40,12.71,32.60,
10214,2025-11-14,00:38:00,0.00,46,23.19,95.58,977.40,0.12,14.88,0.00,0.00,0.00,1,0,1,44.30,12.71,32.60,
10214,2025-11-14,00:39:00,0.00,46,23.10,95.61,977.39,0.12,14.88,0.00,0.00,0.00,1,0,1,44.40,12.71,32.60,
10214,2025-11-14,00:40:00,0.00,46,23.19,95.76,977.40,0.12,14.88,0.00,0.00,0.00,1,0,1,44.40,12.63,32.60,
10214,2025-11-14,00:41:00,0.00,46,23.20,95.88,977.38,0.12,14.88,0.00,0.00,0.00,1,0,1,44.40,12.51,32.60,
10214,2025-11-14,00:42:00,0.00,46,23.09,95.92,977.37,0.12,14.88,0.00,0.00,0.00,1,0,1,44.40,12.57,32.60,
10214,2025-11-14,00:43:00,0.00,46,23.19,96.01,977.35,0.12,14.88,0.00,0.00,0.00,1,0,1,44.40,12.77,32.60,
10214,2025-11-14,00:44:00,0.00,26,23.16,95.96,977.33,0.12,14.88,0.00,0.00,0.00,1,0,1,44.40,12.51,32.60,
10214,2025-11-14,00:45:00,0.00,25,23.19,95.99,977.33,0.12,14.88,0.00,0.00,0.00,1,0,1,44.40,12.48,32.60,
10214,2025-11-14,00:46:00,0.00,25,23.22,96.06,977.33,0.12,14.88,0.00,0.00,0.00,1,0,1,44.40,12.69,32.60,
10214,2025-11-14,00:47:00,0.00,25,23.15,96.05,977.32,0.12,14.88,0.00,0.00,0.00,1,0,1,44.40,12.71,32.60,
10214,2025-11-14,00:48:00,0.00,25,23.20,96.13,977.32,0.12,14.88,0.00,0.00,0.00,1,0,1,44.40,12.74,32.60,
10214,2025-11-14,00:49:00,0.00,25,23.16,96.06,977.31,0.12,14.88,0.00,0.00,0.00,1,0,1,44.40,12.60,32.60,
10214,2025-11-14,00:50:00,0.00,25,23.25,96.14,977.33,0.12,14.88,0.00,0.00,0.00,1,0,1,44.40,12.71,32.60,
10214,2025-11-14,00:51:00,0.00,25,23.27,96.15,977.34,0.12,14.88,0.00,0.00,0.00,1,0,1,44.40,12.60,32.60,
10214,2025-11-14,00:52:00,0.00,25,23.30,96.28,977.35,0.12,14.88,0.00,0.00,0.00,1,0,1,44.40,12.66,32.60,
10214,2025-11-14,00:53:00,0.00,25,23.29,96.20,977.35,0.12,14.88,0.00,0.00,0.00,1,0,1,44.40,12.77,32.60,
10214,2025-11-14,00:54:00,0.00,25,23.27,96.21,977.36,0.12,14.88,0.00,0.00,0.00,1,0,1,44.40,12.60,32.60,
10214,2025-11-14,00:55:00,0.00,25,23.36,96.21,977.35,0.12,14.88,0.00,0.00,0.00,1,0,1,44.40,12.71,32.60,
10214,2025-11-14,00:57:00,0.00,25,23.30,96.06,977.35,0.12,14.88,0.00,0.00,0.00,1,0,,44.40,12.63,32.60,
10214,2025-11-14,00:59:00,0.00,64,23.17,95.99,977.31,0.12,15.25,0.00,0.00,0.00,1,0,,44.40,12.54,32.60,
10214,2025-11-14,01:01:00,0.00,71,23.27,96.04,977.31,0.12,14.88,0.00,0.00,0.00,1,0,,44.40,12.54,32.60,
10214,2025-11-14,01:03:00,1.14,7,23.02,95.96,977.32,0.12,14.88,0.00,0.00,0.00,1,0,,44.40,12.63,32.60,
10214,2025-11-14,01:05:00,0.00,31,23.03,96.08,977.32,0.12,14.88,0.00,0.00,0.00,1,0,,44.40,12.77,32.60,
10214,2025-11-14,01:06:00,0.00,46,23.06,96.10,977.32,0.12,14.88,0.00,0.00,0.00,1,0,1,44.40,12.80,32.60,
10214,2025-11-14,01:07:00,0.00,46,23.09,96.17,977.31,0.12,14.88,0.00,0.00,0.00,1,0,1,44.40,12.71,32.60,
10214,2025-11-14,01:08:00,0.56,19,23.07,96.29,977.29,0.12,14.88,0.00,0.00,0.00,1,0,1,44.40,12.71,32.60,
10214,2025-11-14,01:09:00,0.00,55,23.09,96.19,977.30,0.12,14.88,0.00,0.00,0.00,1,0,1,44.40,12.77,32.60,
10214,2025-11-14,01:10:00,0.55,30,23.13,96.20,977.25,0.12,14.88,0.00,0.00,0.00,1,0,1,44.40,12.74,32.60,
10214,2025-11-14,01:11:00,0.00,31,23.05,96.17,977.22,0.12,14.88,0.00,0.00,0.00,1,0,1,44.40,12.71,32.60,
10214,2025-11-14,01:12:00,0.00,12,23.12,96.21,977.20,0.12,14.88,0.00,0.00,0.00,1,0,1,44.40,12.54,32.60,
10214,2025-11-14,01:13:00,0.00,0,23.06,96.08,977.17,0.12,14.88,0.00,0.00,0.00,1,0,1,44.40,12.77,32.60,
10214,2025-11-14,01:14:00,0.00,0,23.15,96.01,977.18,0.12,14.88,0.00,0.00,0.00,1,0,1,44.40,12.69,32.60,
10214,2025-11-14,01:15:00,0.00,0,23.23,96.13,977.17,0.12,14.88,0.00,0.00,0.00,1,0,1,44.40,12.57,32.60,
10214,2025-11-14,01:16:00,0.00,0,23.22,96.00,977.18,0.12,14.88,0.00,0.00,0.00,1,0,1,44.40,12.57,32.60,
10214,2025-11-14,01:17:00,0.00,79,23.17,95.90,977.19,0.12,14.88,0.00,0.00,0.00,1,0,1,44.40,12.66,32.60,
10214,2025-11-14,01:18:00,0.00,59,23.13,95.76,977.18,0.12,14.88,0.00,0.00,0.00,1,0,1,44.30,12.71,32.60,
10214,2025-11-14,01:19:00,0.00,59,23.22,95.81,977.17,0.12,14.88,0.00,0.00,0.00,1,0,1,44.40,12.57,32.60,
10214,2025-11-14,01:20:00,0.00,16,23.25,95.71,977.15,0.12,14.88,0.00,0.00,0.00,1,0,1,44.40,12.66,32.60,
10214,2025-11-14,01:21:00,0.00,16,23.13,95.54,977.13,0.12,14.88,0.00,0.00,0.00,1,0,1,44.30,12.51,32.60,
10214,2025-11-14,01:22:00,0.00,7,23.32,95.52,977.12,0.12,14.88,0.00,0.00,0.00,1,0,1,44.40,12.80,32.60,
10214,2025-11-14,01:23:00,0.00,7,23.20,95.43,977.12,0.12,14.88,0.00,0.00,0.00,1,0,1,44.40,12.69,32.60,
10214,2025-11-14,01:24:00,0.00,7,23.26,95.34,977.11,0.12,14.88,0.00,0.00,0.00,1,0,1,44.30,12.57,32.60,
10214,2025-11-14,01:25:00,0.00,7,23.26,95.21,977.12,0.12,14.88,0.00,0.00,0.00,1,0,1,44.40,12.77,32.60,
10214,2025-11-14,01:26:00,1.07,273,23.33,94.98,977.12,0.12,14.88,0.00,0.00,0.00,1,0,1,44.40,12.80,32.60,
10214,2025-11-14,01:27:00,0.00,291,23.27,94.73,977.13,0.12,14.88,0.00,0.00,0.00,1,0,1,44.40,12.71,32.60,
10214,2025-11-14,01:28:00,0.00,291,23.43,94.67,977.12,0.12,14.88,0.00,0.00,0.00,1,0,1,44.40,12.80,32.60,
10214,2025-11-14,01:29:00,0.00,291,23.46,94.57,977.11,0.12,14.88,0.00,0.00,0.00,1,0,1,44.40,12.77,32.60,
10214,2025-11-14,01:30:00,0.00,291,23.30,94.52,977.10,0.12,14.88,0.00,0.00,0.00,1,0,1,44.40,12.77,32.60,
10214,2025-11-14,01:31:00,0.00,291,23.42,94.57,977.09,0.12,14.88,0.00,0.00,0.00,1,0,1,44.40,12.74,32.60,
10214,2025-11-14,01:32:00,0.00,291,23.43,94.54,977.09,0.12,14.88,0.00,0.00,0.00,1,0,1,44.40,12.51,32.60,
10214,2025-11-14,01:33:00,0.00,286,23.36,94.55,977.08,0.12,14.88,0.00,0.00,0.00,1,0,1,44.40,12.80,32.60,
10214,2025-11-14,01:34:00,0.00,286,23.42,94.45,977.07,0.12,14.88,0.00,0.00,0.00,1,0,1,44.30,12.54,32.60,
10214,2025-11-14,01:35:00,0.88,62,23.39,94.44,977.03,0.12,14.88,0.00,0.00,0.00,1,0,1,44.30,12.57,32.60,
10214,2025-11-14,01:36:00,0.64,63,23.22,94.37,976.99,0.12,14.88,0.00,0.00,0.00,1,0,1,44.30,12.66,32.60,
10214,2025-11-14,01:37:00,0.00,62,23.39,94.33,976.96,0.12,14.88,0.00,0.00,0.00,1,0,1,44.40,12.60,32.60,
10214,2025-11-14,01:38:00,0.00,104,23.33,94.15,976.96,0.12,14.88,0.00,0.00,0.00,1,0,1,44.40,12.71,32.60,
10214,2025-11-14,01:39:00,0.59,212,23.34,93.89,976.99,0.12,14.88,0.00,0.00,0.00,1,0,1,44.30,12.74,32.60,
10214,2025-11-14,01:40:00,1.46,221,23.52,94.04,976.99,0.12,14.88,0.00,0.00,0.00,1,0,1,44.30,12.71,32.60,
10214,2025-11-14,01:41:00,0.00,318,23.36,94.04,977.01,0.12,14.88,0.00,0.00,0.00,1,0,1,44.30,12.74,32.60,
10214,2025-11-14,01:42:00,0.00,328,23.44,94.07,976.99,0.12,14.88,0.00,0.00,0.00,1,0,1,44.30,12.69,32.60,
10214,2025-11-14,01:44:00,0.00,352,23.39,94.25,976.92,0.12,14.88,0.00,0.00,0.00,1,0,,44.30,12.71,32.60,
10214,2025-11-14,01:46:00,0.00,11,23.37,94.43,976.88,0.12,14.88,0.00,0.00,0.00,1,0,,44.30,12.57,32.60,
10214,2025-11-14,01:48:00,0.00,11,23.40,94.28,976.88,0.12,14.88,0.00,0.00,0.00,1,0,,44.40,12.71,32.60,
10214,2025-11-14,01:50:00,0.00,11,23.44,94.31,976.90,0.12,14.88,0.00,0.00,0.00,1,0,,44.40,12.51,32.60,
10214,2025-11-14,01:52:00,0.00,11,23.42,94.34,976.91,0.12,14.88,0.00,0.00,0.00,1,0,,44.40,12.77,32.60,
10214,2025-11-14,01:54:00,0.52,52,23.49,94.43,976.88,0.12,14.88,0.00,0.00,0.00,1,0,,44.40,12.71,32.60,
10214,2025-11-14,01:56:00,0.82,49,23.46,94.44,976.89,0.12,14.88,0.00,0.00,0.00,1,0,,44.40,12.80,32.60,
10214,2025-11-14,01:58:00,0.57,35,23.34,94.38,976.87,0.12,14.88,0.00,0.00,0.00,1,0,,44.40,12.71,32.60,
10214,2025-11-14,01:59:00,0.00,33,23.29,94.32,976.86,0.12,14.88,0.00,0.00,0.00,1,0,1,44.40,12.60,32.50,
10214,2025-11-14,02:00:00,0.66,6,23.44,94.42,976.83,0.12,14.88,0.00,0.00,0.00,1,0,1,44.40,12.45,32.50,
10214,2025-11-14,02:01:00,0.00,354,23.40,94.38,976.84,0.12,14.88,0.00,0.00,0.00,1,1,1,44.40,12.71,32.50,
10214,2025-11-14,02:02:00,0.00,354,23.20,94.51,976.82,0.12,14.88,0.00,0.00,0.00,1,0,1,44.40,12.74,32.50,
10214,2025-11-14,02:03:00,0.00,354,23.26,94.55,976.79,0.12,14.88,0.00,0.00,0.00,1,0,1,44.40,12.66,32.50,
10214,2025-11-14,02:04:00,0.00,354,23.37,94.78,976.80,0.12,14.88,0.00,0.00,0.00,1,0,1,44.40,12.71,32.50,
10214,2025-11-14,02:05:00,0.00,354,23.39,94.90,976.81,0.12,14.88,0.00,0.00,0.00,1,0,1,44.40,12.77,32.50,
10214,2025-11-14,02:06:00,0.00,354,23.37,94.84,976.80,0.12,14.88,0.00,0.00,0.00,1,0,1,44.40,12.60,32.50,
10214,2025-11-14,02:07:00,0.00,354,23.36,94.77,976.82,0.12,14.88,0.00,0.00,0.00,1,0,1,44.40,12.51,32.50,
10214,2025-11-14,02:08:00,0.00,354,23.36,94.70,976.83,0.12,14.88,0.00,0.00,0.00,1,0,1,44.40,12.51,32.50,
10214,2025-11-14,02:09:00,0.00,354,23.34,94.78,976.84,0.12,14.88,0.00,0.00,0.00,1,0,1,44.40,12.77,32.50,
10214,2025-11-14,02:10:00,1.24,73,23.44,94.66,976.84,0.12,14.88,0.00,0.00,0.00,1,0,1,44.40,12.60,32.50,
10214,2025-11-14,02:11:00,0.67,61,23.39,94.71,976.85,0.12,14.88,0.00,0.00,0.00,1,0,1,44.40,12.80,32.60,
10214,2025-11-14,02:12:00,0.00,74,23.37,94.83,976.87,0.12,14.88,0.00,0.00,0.00,1,0,1,44.40,12.45,32.50,
10214,2025-11-14,02:13:00,0.00,54,23.40,94.89,976.87,0.12,14.88,0.00,0.00,0.00,1,0,1,44.40,12.71,32.50,
10214,2025-11-14,02:14:00,0.00,54,23.52,95.03,976.87,0.12,14.88,0.00,0.00,0.00,1,0,1,44.40,12.66,32.60,
10214,2025-11-14,02:15:00,0.00,54,23.32,94.93,976.85,0.12,14.88,0.00,0.00,0.00,1,0,1,44.40,12.77,32.60,
10214,2025-11-14,02:16:00,0.00,54,23.43,95.10,976.85,0.12,14.88,0.00,0.00,0.00,1,0,1,44.40,12.69,32.60,
10214,2025-11-14,02:17:00,0.00,54,23.42,95.21,976.85,0.12,14.88,0.00,0.00,0.00,1,0,1,44.40,12.71,32.60,
10214,2025-11-14,02:18:00,0.00,54,23.33,95.20,976.84,0.12,14.88,0.00,0.00,0.00,1,0,1,44.40,12.71,32.60,
10214,2025-11-14,02:19:00,0.00,51,23.37,95.26,976.81,0.12,14.88,0.00,0.00,0.00,1,0,1,44.40,12.69,32.60,
10214,2025-11-14,02:20:00,0.00,53,23.30,95.23,976.79,0.12,14.88,0.00,0.00,0.00,1,0,1,44.40,12.51,32.60,
10214,2025-11-14,02:21:00,0.00,53,23.36,95.28,976.79,0.12,14.88,0.00,0.00,0.00,1,0,1,44.40,12.66,32.60,
10214,2025-11-14,02:22:00,0.00,53,23.36,95.37,976.76,0.12,14.88,0.00,0.00,0.00,1,0,1,44.40,12.71,32.60,
10214,2025-11-14,02:23:00,0.00,53,23.37,95.52,976.77,0.12,14.88,0.00,0.00,0.00,1,0,1,44.30,12.77,32.60,
10214,2025-11-14,02:24:00,0.00,53,23.30,95.57,976.77,0.12,14.88,0.00,0.00,0.00,1,0,1,44.40,12.51,32.60,
10214,2025-11-14,02:25:00,0.00,53,23.27,95.65,976.76,0.12,14.88,0.00,0.00,0.00,1,0,1,44.30,12.66,32.60,
10214,2025-11-14,02:26:00,0.00,53,23.29,95.65,976.74,0.12,14.88,0.00,0.00,0.00,1,0,1,44.40,12.66,32.60,
10214,2025-11-14,02:27:00,0.00,53,23.40,95.71,976.74,0.12,14.88,0.00,0.00,0.00,1,0,1,44.30,12.66,32.60,
10214,2025-11-14,02:28:00,0.00,53,23.40,95.73,976.74,0.12,14.88,0.00,0.00,0.00,1,0,1,44.30,12.69,32.60,
10214,2025-11-14,02:29:00,0.00,53,23.34,95.59,976.71,0.12,14.88,0.00,0.00,0.00,1,0,1,44.30,12.71,32.60,
10214,2025-11-14,02:30:00,0.00,53,23.25,95.48,976.68,0.12,14.88,0.00,0.00,0.00,1,0,1,44.30,12.69,32.60,
10214,2025-11-14,02:31:00,0.55,12,23.30,95.64,976.68,0.12,14.88,0.00,0.00,0.00,1,0,1,44.30,12.60,32.60,
10214,2025-11-14,02:32:00,0.56,12,23.36,95.54,976.66,0.12,14.88,0.00,0.00,0.00,1,0,1,44.30,12.80,32.60,
10214,2025-11-14,02:33:00,0.00,10,23.15,95.55,976.65,0.12,14.88,0.00,0.00,0.00,1,0,1,44.30,12.66,32.60,
10214,2025-11-14,02:34:00,0.00,10,23.26,95.59,976.64,0.12,14.88,0.00,0.00,0.00,1,0,1,44.30,12.60,32.60,
10214,2025-11-14,02:35:00,0.00,10,23.32,95.73,976.65,0.12,14.88,0.00,0.00,0.00,1,0,1,44.30,12.69,32.60,
10214,2025-11-14,02:36:00,0.00,10,23.33,95.69,976.63,0.12,14.88,0.00,0.00,0.00,1,0,1,44.30,12.51,32.60,
10214,2025-11-14,02:37:00,0.00,10,23.30,95.80,976.64,0.12,14.88,0.00,0.00,0.00,1,0,1,44.30,12.51,32.60,
10214,2025-11-14,02:38:00,0.00,10,23.32,95.73,976.66,0.12,14.88,0.00,0.00,0.00,1,0,1,44.30,12.63,32.60,
10214,2025-11-14,02:39:00,0.00,10,23.33,95.78,976.67,0.12,14.88,0.00,0.00,0.00,1,0,1,44.30,12.51,32.60,
10214,2025-11-14,02:40:00,0.00,10,23.37,95.78,976.69,0.12,14.88,0.00,0.00,0.00,1,0,1,44.30,12.71,32.60,
10214,2025-11-14,02:41:00,0.00,10,23.33,95.73,976.71,0.12,14.88,0.00,0.00,0.00,1,0,1,44.30,12.69,32.60,
10214,2025-11-14,02:42:00,0.00,10,23.37,95.69,976.71,0.12,14.88,0.00,0.00,0.00,1,0,1,44.30,12.54,32.60,
10214,2025-11-14,02:43:00,0.00,10,23.36,95.53,976.70,0.12,14.88,0.00,0.00,0.00,1,0,1,44.30,12.77,32.60,
10214,2025-11-14,02:44:00,0.00,10,23.39,95.57,976.70,0.12,14.88,0.00,0.00,0.00,1,0,1,44.30,12.80,32.60,
10214,2025-11-14,02:45:00,0.00,12,23.27,95.48,976.68,0.12,14.88,0.00,0.00,0.00,1,0,1,44.30,12.66,32.60,
10214,2025-11-14,02:46:00,0.00,7,23.36,95.32,976.67,0.12,14.88,0.00,0.00,0.00,1,0,1,44.30,12.66,32.60,
10214,2025-11-14,02:47:00,0.00,7,23.33,95.33,976.66,0.12,14.88,0.00,0.00,0.00,1,0,1,44.30,12.71,32.60,
10214,2025-11-14,02:48:00,0.00,7,23.43,95.36,976.67,0.12,14.88,0.00,0.00,0.00,1,0,1,44.30,12.80,32.60,
10214,2025-11-14,02:49:00,0.00,7,23.39,95.30,976.66,0.12,14.88,0.00,0.00,0.00,1,0,1,44.30,12.71,32.60,
10214,2025-11-14,02:50:00,0.00,7,23.40,95.25,976.66,0.12,14.88,0.00,0.00,0.00,1,0,1,44.30,12.57,32.60,
10214,2025-11-14,02:51:00,0.00,10,23.42,95.28,976.64,0.12,14.88,0.00,0.00,0.00,1,0,1,44.30,12.80,32.70,
10214,2025-11-14,02:52:00,0.66,8,23.34,95.23,976.61,0.12,14.51,0.00,0.00,0.00,1,0,1,44.30,12.51,32.60,
10214,2025-11-14,02:53:00,0.00,7,23.36,95.21,976.60,0.12,14.88,0.00,0.00,0.00,1,0,1,44.30,12.71,32.60,
10214,2025-11-14,02:54:00,0.00,12,23.43,95.19,976.59,0.12,14.88,0.00,0.00,0.00,1,0,1,44.30,12.71,32.70,
10214,2025-11-14,02:55:00,0.00,12,23.36,95.14,976.57,0.12,14.88,0.00,0.00,0.00,1,0,1,44.30,12.51,32.60,
10214,2025-11-14,02:56:00,0.00,12,23.37,95.10,976.57,0.12,14.88,0.00,0.00,0.00,1,0,1,44.30,12.77,32.70,
10214,2025-11-14,02:57:00,0.00,12,23.36,95.18,976.57,0.12,14.88,0.00,0.00,0.00,1,0,1,44.20,12.77,32.60,
10214,2025-11-14,02:58:00,0.00,12,23.40,95.05,976.57,0.12,14.88,0.00,0.00,0.00,1,0,1,44.30,12.77,32.70,
10214,2025-11-14,02:59:00,0.00,12,23.40,95.06,976.58,0.12,14.88,0.00,0.00,0.00,1,0,1,44.30,12.51,32.60,
10214,2025-11-14,03:00:00,0.00,12,23.40,95.10,976.59,0.12,14.88,0.00,0.00,0.00,1,0,1,44.20,12.80,32.70,
10214,2025-11-14,03:01:00,0.00,12,23.36,94.91,976.61,0.12,14.88,0.00,0.00,0.00,1,1,1,44.20,12.71,32.70,
10214,2025-11-14,03:02:00,0.00,14,23.33,94.91,976.60,0.12,14.88,0.00,0.00,0.00,1,0,1,44.20,12.71,32.70,
10214,2025-11-14,03:03:00,0.62,10,23.36,94.83,976.58,0.12,14.88,0.00,0.00,0.00,1,0,1,44.20,12.54,32.70,
10214,2025-11-14,03:04:00,0.00,10,23.30,94.86,976.57,0.12,14.88,0.00,0.00,0.00,1,0,1,44.20,12.51,32.70,
10214,2025-11-14,03:05:00,0.00,10,23.27,94.84,976.53,0.12,14.88,0.00,0.00,0.00,1,0,1,44.20,12.77,32.70,
10214,2025-11-14,03:06:00,0.00,10,23.23,94.80,976.52,0.12,14.88,0.00,0.00,0.00,1,0,1,44.20,12.69,32.60,
10214,2025-11-14,03:07:00,0.00,10,23.13,94.74,976.49,0.12,14.88,0.00,0.00,0.00,1,0,1,44.20,12.51,32.60,
10214,2025-11-14,03:08:00,0.00,10,23.17,94.70,976.51,0.12,14.88,0.00,0.00,0.00,1,0,1,44.20,12.51,32.70,
10214,2025-11-14,03:09:00,0.00,10,23.12,94.71,976.52,0.12,14.88,0.00,0.00,0.00,1,0,1,44.20,12.77,32.70,
10214,2025-11-14,03:10:00,0.00,10,23.13,94.75,976.54,0.12,14.88,0.00,0.00,0.00,1,0,1,44.20,12.77,32.60,
10214,2025-11-14,03:11:00,0.00,10,23.22,94.80,976.55,0.12,14.88,0.00,0.00,0.00,1,0,1,44.20,12.60,32.60,
10214,2025-11-14,03:12:00,0.00,10,23.15,94.70,976.55,0.12,14.88,0.00,0.00,0.00,1,0,1,44.20,12.71,32.60,
10214,2025-11-14,03:13:00,0.00,10,23.19,94.78,976.56,0.12,14.88,0.00,0.00,0.00,1,0,1,44.20,12.66,32.60,
10214,2025-11-14,03:14:00,0.00,10,23.10,94.80,976.56,0.12,14.88,0.00,0.00,0.00,1,0,1,44.20,12.60,32.60,
10214,2025-11-14,03:15:00,0.00,10,23.12,94.81,976.57,0.12,14.88,0.00,0.00,0.00,1,0,1,44.20,12.74,32.60,
10214,2025-11-14,03:16:00,0.00,10,23.15,94.81,976.58,0.12,14.88,0.00,0.00,0.00,1,0,1,44.20,12.51,32.60,
10214,2025-11-14,03:17:00,0.00,10,23.09,94.73,976.56,0.12,14.51,0.00,0.00,0.00,1,0,1,44.20,12.77,32.60,
10214,2025-11-14,03:18:00,0.00,10,23.10,94.72,976.56,0.12,14.88,0.00,0.00,0.00,1,0,1,44.20,12.45,32.60,
10214,2025-11-14,03:19:00,0.60,11,23.03,94.63,976.55,0.12,14.88,0.00,0.00,0.00,1,0,1,44.20,12.69,32.60,
10214,2025-11-14,03:20:00,0.00,12,23.02,94.52,976.54,0.12,14.88,0.00,0.00,0.00,1,0,1,44.20,12.66,32.50,
10214,2025-11-14,03:21:00,0.00,12,23.01,94.63,976.55,0.12,14.88,0.00,0.00,0.00,1,0,1,44.20,12.57,32.50,
10214,2025-11-14,03:22:00,0.00,12,22.95,94.72,976.54,0.12,14.88,0.00,0.00,0.00,1,0,1,44.20,12.71,32.50,
10214,2025-11-14,03:23:00,0.00,12,23.09,94.78,976.54,0.12,14.88,0.00,0.00,0.00,1,0,1,44.20,12.66,32.50,
10214,2025-11-14,03:24:00,0.00,12,23.03,94.80,976.56,0.12,14.88,0.00,0.00,0.00,1,0,1,44.20,12.60,32.50,
10214,2025-11-14,03:25:00,0.00,12,23.03,94.87,976.58,0.12,14.88,0.00,0.00,0.00,1,0,1,44.20,12.66,32.50,
10214,2025-11-14,03:26:00,0.00,12,23.01,94.87,976.59,0.12,14.88,0.00,0.00,0.00,1,0,1,44.20,12.54,32.50,
10214,2025-11-14,03:27:00,0.00,12,23.07,94.94,976.59,0.12,14.88,0.00,0.00,0.00,1,0,1,44.10,12.54,32.50,
10214,2025-11-14,03:28:00,0.00,12,23.02,94.97,976.61,0.12,14.88,0.00,0.00,0.00,1,0,1,44.20,12.77,32.50,
10214,2025-11-14,03:29:00,0.00,12,23.05,94.89,976.62,0.12,14.88,0.00,0.00,0.00,1,0,1,44.20,12.77,32.50,
10214,2025-11-14,03:30:00,0.00,12,23.03,94.95,976.66,0.12,14.88,0.00,0.00,0.00,1,0,1,44.20,12.54,32.50,
10214,2025-11-14,03:32:00,0.00,12,23.05,95.07,976.70,0.12,14.88,0.00,0.00,0.00,1,0,,44.20,12.51,32.50,
10214,2025-11-14,03:34:00,0.00,12,23.15,95.09,976.72,0.12,14.88,0.00,0.00,0.00,1,0,,44.20,12.60,32.50,
10214,2025-11-14,03:36:00,0.00,12,23.20,94.90,976.73,0.12,14.88,0.00,0.00,0.00,1,0,,44.20,12.69,32.50,
10214,2025-11-14,03:38:00,0.00,12,23.20,94.87,976.72,0.12,14.88,0.00,0.00,0.00,1,0,,44.20,12.57,32.50,
10214,2025-11-14,03:40:00,0.00,12,23.27,94.95,976.69,0.12,14.88,0.00,0.00,0.00,1,0,,44.30,12.63,32.50,
10214,2025-11-14,03:41:00,0.00,12,23.27,95.00,976.67,0.12,14.88,0.00,0.00,0.00,1,0,,44.30,12.51,32.50,
10214,2025-11-14,03:42:00,0.00,12,23.34,95.01,976.68,0.12,14.51,0.00,0.00,0.00,1,0,1,44.20,12.66,32.50,
10214,2025-11-14,03:43:00,0.00,12,23.26,95.12,976.70,0.12,14.88,0.00,0.00,0.00,1,0,1,44.20,12.71,32.40,
10214,2025-11-14,03:44:00,0.00,12,23.26,95.15,976.71,0.12,14.88,0.00,0.00,0.00,1,0,1,44.20,12.63,32.40,
10214,2025-11-14,03:45:00,0.00,12,23.27,95.21,976.74,0.12,14.88,0.00,0.00,0.00,1,0,1,44.30,12.57,32.50,
10214,2025-11-14,03:46:00,0.00,12,23.23,95.23,976.75,0.12,14.88,0.00,0.00,0.00,1,0,1,44.30,12.60,32.40,
10214,2025-11-14,03:47:00,0.00,12,23.34,95.48,976.78,0.12,14.88,0.00,0.00,0.00,1,0,1,44.30,12.71,32.50,
10214,2025-11-14,03:49:00,0.00,12,23.40,95.44,976.80,0.12,14.88,0.00,0.00,0.00,1,0,,44.30,12.71,32.50,
10214,2025-11-14,03:51:00,0.00,12,23.23,95.39,976.81,0.12,14.88,0.00,0.00,0.00,1,0,,44.30,12.45,32.50,
10214,2025-11-14,03:53:00,0.00,12,23.17,95.53,976.82,0.12,14.88,0.00,0.00,0.00,1,0,,44.30,12.48,32.50,
10214,2025-11-14,03:55:00,0.00,12,23.27,95.61,976.86,0.12,14.88,0.00,0.00,0.00,1,0,,44.20,12.71,32.50,
10214,2025-11-14,03:57:00,0.00,12,23.37,95.56,976.89,0.12,14.88,0.00,0.00,0.00,1,0,,44.30,12.63,32.50,
10214,2025-11-14,03:59:00,0.00,12,23.30,95.59,976.89,0.12,14.88,0.00,0.00,0.00,1,0,,44.30,12.74,32.50,
10214,2025-11-14,04:01:00,0.00,12,23.30,95.56,976.90,0.12,14.88,0.00,0.00,0.00,1,0,,44.30,12.63,32.50,
10214,2025-11-14,04:02:00,0.00,12,23.29,95.59,976.92,0.12,14.88,0.00,0.00,0.00,1,0,1,44.30,12.66,32.50,
10214,2025-11-14,04:03:00,0.00,12,23.33,95.62,976.91,0.12,14.88,0.00,0.00,0.00,1,0,1,44.30,12.69,32.50,
10214,2025-11-14,04:04:00,0.00,12,23.36,95.51,976.89,0.12,14.88,0.00,0.00,0.00,1,0,1,44.30,12.66,32.50,
10214,2025-11-14,04:05:00,0.00,12,23.22,95.40,976.90,0.12,14.88,0.00,0.00,0.00,1,0,1,44.30,12.63,32.50,
10214,2025-11-14,04:06:00,0.00,12,23.33,95.42,976.91,0.12,14.51,0.00,0.00,0.00,1,0,1,44.30,12.74,32.50,
10214,2025-11-14,04:07:00,0.00,12,23.25,95.34,976.92,0.12,14.51,0.00,0.00,0.00,1,0,1,44.30,12.74,32.50,
10214,2025-11-14,04:08:00,0.00,12,23.37,95.36,976.91,0.12,14.51,0.00,0.00,0.00,1,0,1,44.30,12.42,32.50,
10214,2025-11-14,04:09:00,0.00,12,23.30,95.38,976.92,0.12,14.51,0.00,0.00,0.00,1,0,1,44.30,12.77,32.50,
10214,2025-11-14,04:10:00,0.00,12,23.23,95.24,976.93,0.12,14.51,0.00,0.00,0.00,1,0,1,44.30,12.74,32.50,
10214,2025-11-14,04:11:00,0.00,12,23.33,95.33,976.92,0.12,14.51,0.00,0.00,0.00,1,0,1,44.20,12.77,32.50,
10214,2025-11-14,04:12:00,0.00,12,23.36,95.22,976.91,0.12,14.51,0.00,0.00,0.00,1,0,1,44.20,12.57,32.50,
10214,2025-11-14,04:13:00,0.00,12,23.33,95.13,976.93,0.12,14.51,0.00,0.00,0.00,1,0,1,44.30,12.60,32.50,
10214,2025-11-14,04:14:00,0.00,12,23.36,95.14,976.94,0.12,14.51,0.00,0.00,0.00,1,0,1,44.20,12.69,32.50,
10214,2025-11-14,04:15:00,0.00,12,23.40,95.21,976.95,0.12,14.51,0.00,0.00,0.00,1,0,1,44.20,12.69,32.50,
10214,2025-11-14,04:16:00,0.00,12,23.39,95.12,976.96,0.12,14.51,0.00,0.00,0.00,1,0,1,44.30,12.63,32.50,
10214,2025-11-14,04:17:00,0.00,12,23.49,95.04,976.95,0.12,14.51,0.00,0.00,0.00,1,0,1,44.20,12.54,32.50,
10214,2025-11-14,04:18:00,0.00,12,23.40,95.10,976.94,0.12,14.88,0.00,0.00,0.00,1,0,1,44.20,12.71,32.50,
10214,2025-11-14,04:19:00,0.00,12,23.44,94.98,976.94,0.12,14.88,0.00,0.00,0.00,1,0,1,44.20,12.69,32.50,
10214,2025-11-14,04:20:00,0.00,12,23.39,94.93,976.91,0.12,14.88,0.00,0.00,0.00,1,0,1,44.20,12.66,32.50,
10214,2025-11-14,04:21:00,0.00,5,23.39,94.90,976.91,0.12,14.88,0.00,0.00,0.00,1,0,1,44.20,12.66,32.50,
10214,2025-11-14,04:22:00,0.55,4,23.33,94.84,976.88,0.12,14.51,0.00,0.00,0.00,1,0,1,44.20,12.60,32.50,
10214,2025-11-14,04:23:00,0.00,5,23.29,94.74,976.89,0.12,14.51,0.00,0.00,0.00,1,0,1,44.20,12.48,32.50,
10214,2025-11-14,04:24:00,0.00,5,23.27,94.73,976.89,0.12,14.51,0.00,0.00,0.00,1,0,1,44.20,12.66,32.50,
10214,2025-11-14,04:25:00,0.00,5,23.30,94.79,976.86,0.12,14.51,0.00,0.00,0.00,1,0,1,44.20,12.51,32.50,
10214,2025-11-14,04:26:00,0.00,5,23.32,94.75,976.85,0.12,14.51,0.00,0.00,0.00,1,0,1,44.20,12.66,32.50,
10214,2025-11-14,04:27:00,0.00,5,23.27,94.81,976.84,0.12,14.51,0.00,0.00,0.00,1,0,1,44.20,12.51,32.50,
10214,2025-11-14,04:28:00,0.00,5,23.40,94.94,976.86,0.12,14.51,0.00,0.00,0.00,1,0,1,44.20,12.45,32.50,
10214,2025-11-14,04:29:00,0.00,5,23.23,94.97,976.87,0.12,14.51,0.00,0.00,0.00,1,0,1,44.20,12.66,32.50,
10214,2025-11-14,04:30:00,0.00,5,23.25,95.02,976.88,0.12,14.51,0.00,0.00,0.00,1,0,1,44.20,12.66,32.50,
10214,2025-11-14,04:31:00,0.00,5,23.36,94.93,976.90,0.12,14.51,0.00,0.00,0.00,1,0,1,44.20,12.74,32.50,
10214,2025-11-14,04:32:00,0.00,5,23.44,94.87,976.92,0.12,14.51,0.00,0.00,0.00,1,0,1,44.20,12.45,32.50,
10214,2025-11-14,04:33:00,0.00,5,23.37,94.93,976.93,0.12,14.51,0.00,0.00,0.00,1,0,1,44.20,12.66,32.50,
10214,2025-11-14,04:34:00,0.00,5,23.29,94.81,976.93,0.12,14.88,0.00,0.00,0.00,1,0,1,44.20,12.45,32.50,
10214,2025-11-14,04:35:00,0.00,5,23.27,94.85,976.95,0.12,14.88,0.00,0.00,0.00,1,0,1,44.20,12.66,32.50,
10214,2025-11-14,04:36:00,0.00,75,23.27,94.80,976.96,0.12,14.88,0.00,0.00,0.00,1,0,1,44.20,12.69,32.50,
10214,2025-11-14,04:38:00,0.00,75,23.22,94.89,976.96,0.12,15.25,0.00,0.00,0.00,1,0,,44.20,12.63,32.50,
10214,2025-11-14,04:40:00,0.00,20,23.15,95.04,976.95,0.12,15.62,0.00,0.00,0.00,1,0,,44.20,12.54,32.50,
10214,2025-11-14,04:42:00,0.00,20,23.10,95.29,976.91,0.13,16.37,0.00,0.00,0.00,1,0,,44.20,12.45,32.50,
10214,2025-11-14,04:44:00,0.00,20,23.20,95.58,976.87,0.14,17.48,0.00,0.00,0.00,1,0,,44.20,12.45,32.50,
10214,2025-11-14,04:46:00,0.00,20,23.20,95.64,976.88,0.16,20.09,0.00,0.00,0.00,1,0,,44.20,12.45,32.50,
10214,2025-11-14,04:47:00,0.00,20,23.15,95.61,976.90,0.17,21.95,0.00,0.00,0.00,1,0,,44.20,12.66,32.50,
10214,2025-11-14,04:48:00,0.00,20,23.09,95.61,976.90,0.19,24.18,0.00,0.00,0.00,1,0,1,44.20,12.66,32.50,
10214,2025-11-14,04:49:00,0.00,20,23.23,95.82,976.93,0.22,27.53,0.00,0.00,0.00,1,0,1,44.20,12.60,32.50,
10214,2025-11-14,04:50:00,0.00,20,23.12,95.80,976.95,0.25,31.99,0.00,0.00,0.00,1,0,1,44.20,12.74,32.40,
10214,2025-11-14,04:51:00,0.00,20,23.12,95.84,976.98,0.30,37.20,0.00,0.00,0.00,1,0,1,44.20,12.45,32.40,
10214,2025-11-14,04:52:00,0.00,20,23.03,95.83,977.00,0.35,44.64,0.00,0.00,0.00,1,0,,44.20,12.69,32.40,
10214,2025-11-14,04:53:00,0.00,20,23.12,95.90,977.03,0.42,53.57,0.00,0.00,0.00,1,0,1,44.20,12.54,32.40,
10214,2025-11-14,04:54:00,0.00,20,22.99,95.99,977.04,0.53,66.22,0.00,0.00,0.00,1,0,1,44.20,12.51,32.40,
10214,2025-11-14,04:55:00,0.00,20,23.03,95.90,977.06,0.63,79.24,0.00,0.00,0.00,1,0,1,44.20,12.69,32.40,
10214,2025-11-14,04:56:00,0.00,20,23.03,95.98,977.08,0.75,94.49,0.00,0.00,0.00,1,0,1,44.20,12.51,32.40,
10214,2025-11-14,04:57:00,0.00,20,23.03,95.98,977.11,0.80,100.44,0.00,0.00,0.00,1,0,1,44.20,12.63,32.40,
10214,2025-11-14,04:58:00,0.00,20,23.05,95.99,977.13,0.91,114.95,0.00,0.00,0.00,1,0,1,44.20,12.51,32.40,
10214,2025-11-14,04:59:00,0.00,20,23.07,96.10,977.15,1.03,130.20,0.00,0.00,0.00,1,0,1,44.20,12.60,32.40,
10214,2025-11-14,05:00:00,0.00,20,22.99,96.12,977.14,1.15,144.71,0.00,0.00,0.00,1,0,1,44.20,12.77,32.40,
10214,2025-11-14,05:01:00,0.00,20,22.96,95.94,977.17,1.25,157.36,0.00,0.00,0.00,1,1,1,44.20,12.51,32.40,
10214,2025-11-14,05:02:00,0.00,20,23.10,96.10,977.19,1.35,169.63,0.00,0.00,0.00,1,0,1,44.20,12.60,32.40,
10214,2025-11-14,05:03:00,0.00,20,23.09,96.04,977.20,1.47,185.26,0.00,0.00,0.00,1,0,1,44.20,12.51,32.40,
10214,2025-11-14,05:04:00,0.00,20,23.03,96.00,977.22,1.65,208.69,0.00,0.00,0.00,1,0,1,44.20,12.42,32.40,
10214,2025-11-14,05:05:00,0.00,20,23.09,96.03,977.20,1.89,238.45,0.00,0.00,0.00,1,0,1,44.20,12.63,32.40,
10214,2025-11-14,05:06:00,0.00,20,23.15,96.12,977.20,2.27,285.70,0.00,0.00,0.00,1,0,1,44.20,12.63,32.40,
10214,2025-11-14,05:07:00,0.00,20,23.15,96.15,977.22,2.73,344.10,0.00,0.00,0.00,1,0,1,44.30,12.45,32.40,
10214,2025-11-14,05:08:00,0.00,20,23.15,96.19,977.21,3.29,414.41,0.00,0.00,0.00,1,0,1,44.20,12.42,32.40,
10214,2025-11-14,05:09:00,0.00,20,23.17,95.98,977.23,3.90,492.16,0.00,0.00,0.00,1,0,1,44.20,12.51,32.40,
10214,2025-11-14,05:10:00,0.55,246,23.12,95.96,977.25,4.61,581.81,0.00,0.00,0.00,1,0,1,44.20,12.45,32.40,
10214,2025-11-14,05:11:00,0.00,296,23.05,95.88,977.27,5.44,685.97,0.00,0.00,0.00,1,0,1,44.20,12.66,32.40,
10214,2025-11-14,05:12:00,0.00,296,23.13,95.74,977.28,6.32,797.20,0.00,0.00,0.00,1,0,1,44.20,12.77,32.40,
10214,2025-11-14,05:13:00,0.00,27,23.23,95.65,977.31,7.25,914.75,0.00,0.00,0.00,1,0,1,44.20,12.60,32.40,
10214,2025-11-14,05:14:00,0.00,27,23.09,95.53,977.33,8.26,1041.97,0.00,0.00,0.00,1,0,1,44.30,12.60,32.40,
10214,2025-11-14,05:15:00,0.00,27,23.20,95.53,977.35,9.42,1188.17,0.00,0.00,0.00,1,0,1,44.20,12.66,32.40,
10214,2025-11-14,05:16:00,0.00,63,23.15,95.39,977.38,10.71,1349.99,0.00,0.00,0.00,1,0,1,44.20,12.60,32.40,
10214,2025-11-14,05:17:00,0.76,66,23.12,95.31,977.42,11.92,1503.62,0.00,0.00,0.00,1,0,1,44.30,12.69,32.40,
10214,2025-11-14,05:18:00,0.00,67,23.25,95.30,977.43,13.14,1657.26,0.00,0.00,0.00,1,0,1,44.30,12.71,32.40,
10214,2025-11-14,05:19:00,0.87,76,23.29,95.42,977.44,14.28,1800.85,0.00,0.00,0.00,1,0,1,44.20,12.66,32.40,
10214,2025-11-14,05:20:00,0.00,67,23.33,95.46,977.45,15.72,1982.39,0.00,0.00,0.00,1,0,1,44.30,12.69,32.40,
10214,2025-11-14,05:21:00,0.66,51,23.27,95.51,977.45,17.49,2205.22,0.00,0.00,0.00,1,0,1,44.30,12.51,32.40,
10214,2025-11-14,05:22:00,0.00,48,23.27,95.54,977.47,19.35,2440.69,0.00,0.00,0.00,1,0,1,44.20,12.77,32.40,
10214,2025-11-14,05:23:00,0.52,47,23.25,95.61,977.48,21.21,2675.05,0.00,0.00,0.00,1,0,1,44.20,12.51,32.40,
10214,2025-11-14,05:24:00,0.00,40,23.23,95.68,977.48,22.68,2860.31,0.00,0.00,0.00,1,0,1,44.30,12.54,32.40,
10214,2025-11-14,05:25:00,0.70,62,23.26,95.75,977.49,23.88,3010.97,0.00,0.00,0.00,1,0,1,44.30,12.66,32.40,
10214,2025-11-14,05:26:00,0.64,50,23.27,95.83,977.50,25.30,3190.27,0.00,0.00,0.00,1,0,1,44.30,12.60,32.50,
10214,2025-11-14,05:27:00,0.00,48,23.27,95.75,977.49,27.00,3404.17,0.00,0.00,0.00,1,0,1,44.20,12.69,32.40,
10214,2025-11-14,05:28:00,0.00,48,23.20,95.79,977.48,28.88,3642.25,0.00,0.00,0.00,1,0,1,44.30,12.69,32.40,
10214,2025-11-14,05:29:00,0.00,48,23.20,95.84,977.48,31.26,3941.34,0.00,0.00,0.00,1,0,1,44.30,12.74,32.40,
10214,2025-11-14,05:30:00,0.00,61,23.20,95.83,977.49,33.72,4252.33,0.00,0.00,0.00,1,0,1,44.30,12.51,32.40,
10214,2025-11-14,05:31:00,0.00,61,23.16,95.77,977.47,36.33,4581.55,0.00,0.00,0.00,1,0,1,44.20,12.48,32.40,
10214,2025-11-14,05:32:00,0.00,61,23.25,95.84,977.46,39.11,4931.60,0.00,0.00,0.00,1,0,1,44.30,12.69,32.50,
10214,2025-11-14,05:33:00,0.00,61,23.23,95.79,977.47,41.72,5261.57,0.00,0.00,0.00,1,0,1,44.30,12.63,32.40,
10214,2025-11-14,05:34:00,0.00,61,23.32,95.84,977.48,44.11,5562.52,0.00,0.00,0.00,1,0,1,44.30,12.48,32.50,
10214,2025-11-14,05:35:00,0.00,61,23.32,95.67,977.49,46.26,5833.70,0.00,0.00,0.00,1,0,1,44.30,12.51,32.50,
10214,2025-11-14,05:36:00,0.00,61,23.36,95.66,977.49,47.99,6051.32,0.00,0.00,0.00,1,0,1,44.30,12.66,32.50,
10214,2025-11-14,05:37:00,0.00,61,23.46,95.52,977.51,49.03,6183.38,0.00,0.00,0.00,1,0,1,44.30,12.60,32.50,
10214,2025-11-14,05:38:00,0.00,61,23.46,95.42,977.52,49.23,6208.31,0.00,0.00,0.00,1,0,1,44.30,12.71,32.50,
10214,2025-11-14,05:39:00,0.00,61,23.39,95.46,977.55,49.29,6215.38,0.00,0.00,0.00,1,0,,44.30,12.42,32.50,
10214,2025-11-14,05:40:00,0.00,61,23.50,95.43,977.57,49.32,6219.84,0.00,0.00,0.00,1,0,1,44.30,12.69,32.50,
10214,2025-11-14,05:41:00,0.00,61,23.52,95.32,977.59,48.80,6153.25,0.00,0.00,0.00,1,0,1,44.30,12.71,32.50,
10214,2025-11-14,05:42:00,0.00,61,23.53,95.28,977.62,47.42,5980.27,0.00,0.00,0.00,1,0,1,44.30,12.54,32.50,
10214,2025-11-14,05:43:00,0.00,61,23.54,95.32,977.64,46.55,5869.79,0.00,0.00,0.00,1,0,1,44.30,12.60,32.50,
10214,2025-11-14,05:44:00,0.00,61,23.67,95.28,977.64,46.97,5923.36,0.20,0.20,0.00,1,0,1,44.30,12.60,32.50,
10214,2025-11-14,05:45:00,0.00,61,23.63,95.17,977.64,48.70,6141.72,0.00,0.20,0.00,1,0,1,44.30,12.45,32.50,
10214,2025-11-14,05:46:00,0.00,61,23.60,94.99,977.65,51.27,6465.73,0.00,0.20,0.00,1,0,1,44.30,12.66,32.60,
10214,2025-11-14,05:47:00,0.00,61,23.53,94.85,977.67,54.40,6859.31,0.00,0.20,0.00,1,0,1,44.30,12.48,32.60,
10214,2025-11-14,05:48:00,0.00,61,23.61,94.67,977.68,57.84,7293.80,0.00,0.20,0.00,1,0,1,44.30,12.60,32.60,
10214,2025-11-14,05:49:00,0.00,61,23.64,94.46,977.70,60.95,7685.52,0.00,0.20,0.00,1,0,1,44.30,12.71,32.60,
10214,2025-11-14,05:50:00,0.00,61,23.67,94.49,977.70,64.02,8073.14,0.00,0.20,0.00,1,0,1,44.40,12.60,32.60,
10214,2025-11-14,05:51:00,0.00,61,23.70,94.44,977.69,67.27,8483.09,0.00,0.20,0.00,1,0,1,44.30,12.54,32.60,
10214,2025-11-14,05:52:00,0.00,61,23.65,94.30,977.69,70.49,8888.57,0.00,0.20,0.00,1,0,1,44.30,12.60,32.70,
10214,2025-11-14,05:53:00,0.00,61,23.80,94.10,977.71,73.30,9243.08,0.00,0.20,0.00,1,0,1,44.30,12.74,32.70,
10214,2025-11-14,05:54:00,0.00,61,23.77,94.01,977.70,75.49,9519.48,0.00,0.20,0.00,1,0,1,44.30,12.54,32.70,
10214,2025-11-14,05:55:00,0.00,61,23.78,93.91,977.70,77.98,9833.82,0.00,0.20,0.00,1,0,1,44.30,12.51,32.80,
10214,2025-11-14,05:56:00,0.00,61,23.89,94.10,977.73,80.89,10200.61,0.00,0.20,0.00,1,0,1,44.30,12.69,32.80,
10214,2025-11-14,05:57:00,0.00,61,23.84,93.99,977.76,83.40,10517.18,0.00,0.20,0.00,1,0,1,44.30,12.74,32.80,
10214,2025-11-14,05:58:00,0.00,61,23.93,93.75,977.77,85.09,10729.60,0.00,0.20,0.00,1,0,1,44.30,12.54,32.80,
10214,2025-11-14,05:59:00,0.00,61,23.84,93.71,977.78,86.49,10907.04,0.00,0.20,0.00,1,0,1,44.30,12.71,32.80,
10214,2025-11-14,06:00:00,0.00,61,23.98,93.76,977.80,88.22,11125.03,0.00,0.20,0.00,1,0,1,44.30,12.57,32.80,
10214,2025-11-14,06:01:00,0.00,61,24.01,93.63,977.82,90.13,11364.97,0.00,0.20,0.00,1,1,1,44.40,12.66,32.90,
10214,2025-11-14,06:02:00,0.00,61,24.08,93.60,977.85,92.00,11600.82,0.00,0.20,0.00,1,0,1,44.30,12.63,32.90,
10214,2025-11-14,06:03:00,0.00,61,23.97,93.41,977.86,93.65,11809.88,0.00,0.20,0.00,1,0,1,44.30,12.74,32.90,
10214,2025-11-14,06:04:00,0.00,61,24.02,93.17,977.87,95.22,12007.04,0.00,0.00,0.00,1,0,,44.30,12.77,33.00,
10214,2025-11-14,06:05:00,0.00,61,23.95,92.95,977.88,96.59,12180.77,0.00,0.00,0.00,1,0,1,44.30,12.86,33.00,
10214,2025-11-14,06:06:00,0.00,61,24.02,92.76,977.92,97.58,12305.39,0.00,0.00,0.00,1,0,1,44.30,12.83,33.00,
10214,2025-11-14,06:07:00,0.00,61,24.05,92.58,977.94,98.03,12361.19,0.00,0.00,0.00,1,0,1,44.30,12.77,33.00,
10214,2025-11-14,06:08:00,0.00,61,24.14,92.72,977.97,97.81,12334.40,0.00,0.00,0.00,1,0,1,44.30,12.74,33.00,
10214,2025-11-14,06:09:00,0.00,61,24.19,92.64,978.02,97.52,12297.95,0.00,0.00,0.00,1,0,1,44.30,12.86,33.00,
10214,2025-11-14,06:10:00,0.00,61,24.18,92.44,978.06,97.67,12316.92,0.00,0.00,0.00,1,0,1,44.30,12.83,33.00,
10214,2025-11-14,06:11:00,0.00,61,24.22,92.59,978.10,98.16,12377.56,0.00,0.00,0.00,1,0,1,44.30,12.92,33.10,
10214,2025-11-14,06:12:00,0.00,61,24.21,92.56,978.12,98.24,12388.72,0.00,0.00,0.00,1,0,1,44.30,12.77,33.10,
10214,2025-11-14,06:13:00,0.00,32,24.22,92.29,978.15,97.93,12348.91,0.00,0.00,0.00,1,0,1,44.40,12.71,33.10,
10214,2025-11-14,06:14:00,0.00,70,24.35,92.36,978.15,99.09,12495.85,0.00,0.00,0.00,1,0,1,44.30,12.80,33.10,
10214,2025-11-14,06:15:00,0.00,70,24.31,92.47,978.17,101.02,12739.14,0.00,0.00,0.00,1,0,1,44.30,12.83,33.20,
10214,2025-11-14,06:16:00,0.00,63,24.28,92.43,978.18,102.63,12942.25,0.00,0.00,0.00,1,0,1,44.30,12.69,33.20,
10214,2025-11-14,06:17:00,0.00,63,24.22,92.50,978.22,103.47,13048.27,0.00,0.00,0.00,1,0,1,44.30,12.86,33.20,
10214,2025-11-14,06:18:00,0.00,73,24.18,92.70,978.25,104.19,13139.04,0.00,0.00,0.00,1,0,1,44.30,12.69,33.20,
10214,2025-11-14,06:19:00,0.00,54,24.28,92.74,978.27,104.63,13194.47,0.00,0.00,0.00,1,0,1,44.30,12.74,33.30,
10214,2025-11-14,06:20:00,0.00,54,24.23,92.90,978.28,104.48,13174.75,0.00,0.00,0.00,1,0,1,44.30,12.83,33.30,
10214,2025-11-14,06:21:00,0.00,54,24.28,93.10,978.29,105.54,13308.30,0.00,0.00,0.00,1,0,1,44.30,12.66,33.30,
10214,2025-11-14,06:22:00,0.00,69,24.23,92.98,978.29,108.39,13667.65,0.00,0.00,0.00,1,0,,44.30,12.71,33.30,
10214,2025-11-14,06:23:00,0.00,82,24.16,92.99,978.29,111.20,14022.54,0.00,0.00,0.00,1,0,1,44.20,12.74,33.30,
10214,2025-11-14,06:24:00,0.00,82,24.11,93.30,978.29,113.41,14301.54,0.00,0.00,0.00,1,0,1,44.30,12.71,33.40,
10214,2025-11-14,06:25:00,0.00,82,24.15,93.45,978.27,115.49,14563.43,0.00,0.00,0.00,1,0,1,44.20,12.69,33.40,
10214,2025-11-14,06:26:00,0.00,82,24.23,93.37,978.28,116.75,14722.27,0.00,0.00,0.00,1,0,1,44.20,12.69,33.40,
10214,2025-11-14,06:27:00,0.00,82,24.11,93.25,978.28,117.68,14840.20,0.00,0.00,0.00,1,0,1,44.20,12.80,33.40,
10214,2025-11-14,06:28:00,0.00,82,24.19,93.09,978.29,118.73,14972.63,0.00,0.00,0.00,1,0,1,44.20,12.89,33.50,
10214,2025-11-14,06:29:00,0.00,82,24.15,93.04,978.29,120.03,15135.94,0.00,0.00,0.00,1,0,1,44.20,13.04,33.50,
10214,2025-11-14,06:30:00,0.00,82,24.33,93.11,978.29,121.10,15271.34,0.00,0.00,0.00,1,0,1,44.20,12.71,33.50,
10214,2025-11-14,06:31:00,0.00,82,24.31,93.12,978.29,121.66,15340.91,0.00,0.00,0.00,1,0,1,44.20,12.83,33.50,
10214,2025-11-14,06:32:00,0.00,82,24.32,93.31,978.30,121.85,15365.83,0.00,0.00,0.00,1,0,1,44.20,13.01,33.50,
10214,2025-11-14,06:33:00,0.00,82,24.46,92.81,978.32,122.60,15460.32,0.00,0.00,0.00,1,0,1,44.20,12.95,33.60,
10214,2025-11-14,06:34:00,0.00,82,24.42,92.70,978.31,124.22,15663.80,0.00,0.00,0.00,1,0,1,44.20,13.01,33.60,
10214,2025-11-14,06:35:00,0.00,82,24.31,92.61,978.31,126.80,15989.68,0.00,0.00,0.00,1,0,1,44.20,13.01,33.60,
10214,2025-11-14,06:36:00,0.00,82,24.36,92.81,978.31,129.78,16365.02,0.00,0.00,0.00,1,0,1,44.20,12.98,33.60,
10214,2025-11-14,06:37:00,0.00,82,24.38,92.77,978.31,132.56,16715.82,0.00,0.00,0.00,1,0,1,44.20,12.80,33.60,
10214,2025-11-14,06:38:00,0.00,82,24.36,92.97,978.31,134.24,16928.23,0.00,0.00,0.00,1,0,1,44.20,12.95,33.60,
10214,2025-11-14,06:39:00,0.00,82,24.39,92.73,978.32,136.07,17159.24,0.00,0.00,0.00,1,0,1,44.20,13.07,33.70,
10214,2025-11-14,06:40:00,0.00,82,24.35,92.89,978.33,137.53,17342.64,0.00,0.00,0.00,1,0,1,44.20,12.95,33.80,
10214,2025-11-14,06:41:00,0.00,82,24.42,92.94,978.34,136.73,17242.20,0.00,0.00,0.00,1,0,1,44.20,12.98,33.70,
10214,2025-11-14,06:42:00,0.00,82,24.35,93.13,978.35,136.96,17271.22,0.00,0.00,0.00,1,0,1,44.20,13.10,33.80,
10214,2025-11-14,06:43:00,0.00,82,24.29,93.27,978.36,137.67,17360.13,0.00,0.00,0.00,1,0,1,44.20,13.01,33.80,
10214,2025-11-14,06:44:00,0.00,82,24.39,93.13,978.37,145.47,18344.44,0.00,0.00,0.00,1,0,1,44.20,13.13,33.80,
10214,2025-11-14,06:45:00,0.00,82,24.38,93.22,978.38,148.88,18773.72,0.00,0.00,0.00,1,0,1,44.20,13.15,33.80,
10214,2025-11-14,06:47:00,0.00,82,24.40,93.08,978.42,146.06,18418.84,0.00,0.00,0.00,1,0,,44.20,13.13,33.90,
10214,2025-11-14,06:48:00,0.00,82,24.46,92.89,978.44,151.26,19074.30,0.00,0.00,0.00,1,0,1,44.20,13.07,33.90,
10214,2025-11-14,06:49:00,0.00,82,24.53,92.81,978.44,158.02,19926.18,0.00,0.00,0.00,1,0,1,44.20,13.18,33.90,
10214,2025-11-14,06:50:00,0.00,82,24.55,92.45,978.44,164.09,20691.76,0.00,0.00,0.00,1,0,1,44.30,13.07,33.90,
10214,2025-11-14,06:51:00,0.00,82,24.53,92.31,978.45,172.60,21764.98,0.00,0.00,0.00,1,0,1,44.20,13.13,34.00,
10214,2025-11-14,06:52:00,0.00,82,24.52,92.20,978.47,183.27,23110.50,0.00,0.00,0.00,1,0,1,44.20,12.92,34.00,
10214,2025-11-14,06:53:00,0.00,82,24.66,92.25,978.47,191.61,24162.52,0.00,0.00,0.00,1,0,1,44.30,13.24,34.00,
10214,2025-11-14,06:54:00,0.00,82,24.73,92.12,978.46,198.26,25001.00,0.00,0.00,0.00,1,0,,44.30,13.24,34.00,
10214,2025-11-14,06:55:00,0.00,82,24.84,92.35,978.44,211.47,26667.19,0.00,0.00,0.00,1,0,1,44.30,13.18,34.00,
10214,2025-11-14,06:56:00,0.00,82,24.98,91.75,978.45,217.52,27429.42,0.00,0.00,0.00,1,0,1,44.30,13.01,34.00,
10214,2025-11-14,06:57:00,0.00,82,25.09,91.58,978.48,227.54,28692.73,0.00,0.00,0.00,1,0,1,44.30,13.10,34.00,
10214,2025-11-14,06:58:00,0.00,82,25.13,91.01,978.47,242.81,30618.58,0.00,0.00,0.00,1,0,1,44.40,13.33,34.10,
10214,2025-11-14,06:59:00,0.00,82,25.17,91.03,978.45,262.97,33160.82,0.00,0.00,0.00,1,0,1,44.40,13.15,34.20,
10214,2025-11-14,07:00:00,0.00,82,25.32,90.71,978.44,287.03,36195.23,0.00,0.00,0.00,1,0,1,44.40,13.36,34.20,
10214,2025-11-14,07:01:00,0.00,82,25.49,90.56,978.40,319.13,40242.96,0.00,0.00,0.00,1,1,1,44.40,13.39,34.20,
10214,2025-11-14,07:02:00,0.00,82,25.64,89.85,978.42,321.16,40498.52,0.00,0.00,0.00,1,0,1,44.50,13.18,34.20,
10214,2025-11-14,07:03:00,0.00,82,25.66,89.37,978.41,345.77,43601.75,0.00,0.00,0.00,1,0,1,44.50,13.48,34.30,
10214,2025-11-14,07:04:00,0.00,82,25.92,89.57,978.39,410.21,51727.72,0.00,0.00,0.00,1,0,1,44.50,13.51,34.40,
10214,2025-11-14,07:05:00,0.00,82,26.07,88.42,978.37,419.60,52912.54,0.00,0.00,0.00,1,0,1,44.50,13.54,34.40,
10214,2025-11-14,07:06:00,0.00,15,26.21,88.15,978.38,422.18,53238.04,0.00,0.00,0.00,1,0,1,44.60,13.62,34.40,
10214,2025-11-14,07:07:00,0.00,15,26.45,87.97,978.36,477.09,60162.07,0.00,0.00,0.00,1,0,1,44.60,13.42,34.40,
10214,2025-11-14,07:08:00,0.00,15,26.59,87.78,978.34,559.39,70540.13,0.00,0.00,0.00,1,0,1,44.60,13.80,34.50,
10214,2025-11-14,07:09:00,0.00,15,26.89,88.21,978.34,664.86,83840.24,0.00,0.00,0.00,1,0,1,44.70,13.89,34.60,
10214,2025-11-14,07:10:00,0.00,15,27.21,86.21,978.33,714.06,90043.72,0.00,0.00,0.00,1,0,1,44.80,14.00,34.70,
10214,2025-11-14,07:11:00,0.00,164,27.32,84.79,978.35,638.58,80525.73,0.00,0.00,0.00,1,0,1,44.70,13.95,34.70,
10214,2025-11-14,07:12:00,0.00,185,27.39,84.55,978.39,541.35,68264.98,0.00,0.00,0.00,1,0,1,44.80,13.80,34.80,
10214,2025-11-14,07:13:00,0.00,185,27.29,83.87,978.40,374.53,47228.38,0.00,0.00,0.00,1,0,1,44.90,13.33,35.00,
10214,2025-11-14,07:14:00,0.00,131,27.17,83.74,978.44,328.39,41410.67,0.00,0.00,0.00,1,0,1,44.90,13.21,35.00,
10214,2025-11-14,07:15:00,0.82,49,26.99,84.39,978.47,310.40,39142.59,0.00,0.00,0.00,1,0,,45.00,13.30,35.10,
10214,2025-11-14,07:16:00,0.70,83,26.75,85.14,978.49,302.76,38179.11,0.00,0.00,0.00,1,0,1,45.00,13.45,35.20,
10214,2025-11-14,07:17:00,0.00,135,26.54,85.64,978.51,301.68,38041.84,0.00,0.00,0.00,1,0,1,45.00,13.21,35.30,
10214,2025-11-14,07:18:00,0.00,135,26.48,86.61,978.52,304.53,38401.93,0.00,0.00,0.00,1,0,1,45.00,13.39,35.40,
10214,2025-11-14,07:19:00,0.00,37,26.47,86.48,978.53,309.64,39046.61,0.00,0.00,0.00,1,0,1,45.00,13.30,35.50,
10214,2025-11-14,07:20:00,0.00,37,26.50,87.01,978.56,316.67,39933.09,0.00,0.00,0.00,1,0,1,44.90,13.45,35.60,
10214,2025-11-14,07:21:00,1.14,49,26.40,86.26,978.59,319.74,40319.96,0.00,0.00,0.00,1,0,1,44.90,13.45,35.60,
10214,2025-11-14,07:22:00,0.00,27,26.34,86.12,978.61,317.04,39979.59,0.00,0.00,0.00,1,0,1,44.90,13.42,35.70,
10214,2025-11-14,07:23:00,0.78,67,26.28,85.78,978.64,309.70,39053.68,0.00,0.00,0.00,1,0,1,44.80,13.51,35.80,
10214,2025-11-14,07:24:00,0.00,67,26.12,85.73,978.65,299.67,37788.88,0.00,0.00,0.00,1,0,1,44.80,13.36,35.80,
10214,2025-11-14,07:25:00,0.00,67,26.20,86.63,978.68,284.20,35838.48,0.00,0.00,0.00,1,0,1,44.80,13.18,35.90,
10214,2025-11-14,07:26:00,0.00,67,26.19,87.26,978.73,263.25,33195.79,0.00,0.00,0.00,1,0,1,44.70,13.24,35.90,
10214,2025-11-14,07:27:00,0.00,67,26.20,87.01,978.75,237.16,29906.20,0.00,0.00,0.00,1,0,1,44.70,13.39,36.00,
10214,2025-11-14,07:28:00,0.00,302,26.07,86.04,978.76,209.09,26366.99,0.00,0.00,0.00,1,0,1,44.60,13.15,36.10,
10214,2025-11-14,07:29:00,0.78,280,26.06,87.13,978.80,192.77,24309.08,0.00,0.00,0.00,1,0,1,44.60,13.30,36.10,
10214,2025-11-14,07:30:00,0.86,50,25.96,87.97,978.81,181.42,22877.63,0.00,0.00,0.00,1,0,1,44.60,13.18,36.10,
10214,2025-11-14,07:31:00,0.00,30,26.04,88.36,978.83,179.87,22682.33,0.00,0.00,0.00,1,0,1,44.50,13.27,36.10,
10214,2025-11-14,07:32:00,0.00,69,25.99,88.37,978.84,178.82,22549.15,0.00,0.00,0.00,1,0,1,44.50,13.10,36.10,
10214,2025-11-14,07:33:00,0.00,48,25.95,88.82,978.87,176.88,22304.75,0.00,0.00,0.00,1,0,1,44.40,13.07,36.20,
10214,2025-11-14,07:34:00,0.00,48,25.96,88.72,978.89,172.14,21706.57,0.00,0.00,0.00,1,0,1,44.40,13.07,36.30,
10214,2025-11-14,07:35:00,0.00,56,25.90,89.19,978.90,164.52,20745.70,0.00,0.00,0.00,1,0,1,44.30,13.15,36.30,
10214,2025-11-14,07:36:00,0.00,218,25.79,89.40,978.90,147.78,18635.71,0.00,0.00,0.00,1,0,1,44.30,13.30,36.30,
10214,2025-11-14,07:37:00,0.00,62,25.62,90.24,978.90,147.78,18635.34,0.00,0.00,0.00,1,0,1,44.20,13.07,36.30,
10214,2025-11-14,07:38:00,0.00,62,25.68,90.77,978.93,148.26,18696.35,0.00,0.00,0.00,1,0,1,44.20,13.18,36.30,
10214,2025-11-14,07:39:00,0.00,62,25.62,90.57,978.95,154.52,19484.99,0.00,0.00,0.00,1,0,1,44.10,13.15,36.30,
10214,2025-11-14,07:40:00,0.00,114,25.48,90.47,978.94,163.59,20629.26,0.00,0.00,0.00,1,0,1,44.00,13.01,36.30,
10214,2025-11-14,07:41:00,0.00,114,25.39,90.73,978.95,176.43,22248.58,0.00,0.00,0.00,1,0,1,44.00,13.27,36.30,
10214,2025-11-14,07:42:00,0.00,114,25.37,90.83,978.93,189.10,23845.95,0.00,0.00,0.00,1,0,1,44.00,13.18,36.30,
10214,2025-11-14,07:43:00,0.00,114,25.57,91.12,978.94,203.69,25685.11,0.00,0.00,0.00,1,0,1,44.00,13.13,36.30,
10214,2025-11-14,07:44:00,0.00,114,25.35,91.10,978.93,219.46,27673.82,0.00,0.00,0.00,1,0,1,44.00,13.21,36.30,
10214,2025-11-14,07:45:00,0.00,114,25.38,91.00,978.93,233.57,29453.47,0.00,0.00,0.00,1,0,1,43.90,13.18,36.30,
10214,2025-11-14,07:46:00,0.00,143,25.34,90.47,978.97,248.05,31279.25,0.00,0.00,0.00,1,0,1,43.90,13.30,36.30,
10214,2025-11-14,07:47:00,0.00,196,25.34,90.31,978.97,254.64,32110.67,0.00,0.00,0.00,1,0,1,43.90,13.24,36.30,
10214,2025-11-14,07:48:00,0.00,196,25.31,90.96,978.98,252.92,31894.16,0.00,0.00,0.00,1,0,1,43.90,13.30,36.30,
10214,2025-11-14,07:49:00,0.00,185,25.28,90.45,979.00,258.45,32590.92,0.00,0.00,0.00,1,0,1,43.90,13.24,36.20,
10214,2025-11-14,07:50:00,0.00,185,25.46,90.73,978.96,266.80,33644.43,0.00,0.00,0.00,1,0,1,43.90,13.15,36.20,
10214,2025-11-14,07:51:00,0.67,214,25.38,89.92,978.99,274.41,34603.07,0.00,0.00,0.00,1,0,1,43.90,13.21,36.20,
10214,2025-11-14,07:52:00,0.84,44,25.30,89.84,979.02,276.79,34904.02,0.00,0.00,0.00,1,0,1,44.00,13.18,36.20,
10214,2025-11-14,07:53:00,0.00,214,25.35,89.94,979.04,267.18,33692.41,0.00,0.00,0.00,1,0,,44.00,13.21,36.10,
10214,2025-11-14,07:54:00,0.00,65,25.27,89.79,979.03,262.29,33074.89,0.00,0.00,0.00,1,0,1,44.00,13.39,36.10,
10214,2025-11-14,07:55:00,0.72,118,25.25,89.41,979.04,267.62,33747.84,0.00,0.00,0.00,1,0,1,44.00,13.27,36.10,
10214,2025-11-14,07:56:00,0.00,97,25.22,89.29,979.03,284.90,35925.90,0.00,0.00,0.00,1,0,1,44.00,13.33,36.10,
10214,2025-11-14,07:57:00,0.00,44,25.20,90.09,979.04,310.71,39180.53,0.00,0.00,0.00,1,0,1,44.00,13.36,36.10,
10214,2025-11-14,07:58:00,0.00,75,25.18,89.69,979.05,344.55,43448.48,0.00,0.00,0.00,1,0,1,44.00,13.21,36.10,
10214,2025-11-14,07:59:00,0.00,243,25.32,89.96,979.03,381.47,48103.69,0.00,0.00,0.00,1,0,,44.00,13.39,36.10,
10214,2025-11-14,08:00:00,0.00,243,25.44,90.58,979.01,413.74,52173.38,0.00,0.00,0.00,1,0,,44.00,13.39,36.10,
10214,2025-11-14,08:01:00,0.00,243,25.59,89.59,979.00,437.39,55156.07,0.00,0.00,0.00,1,1,1,44.10,13.36,36.10,
10214,2025-11-14,08:02:00,0.00,37,25.59,88.27,979.02,456.33,57543.94,0.00,0.00,0.00,1,0,1,44.10,13.51,36.10,
10214,2025-11-14,08:03:00,0.00,90,25.78,88.33,978.98,457.75,57722.87,0.00,0.00,0.00,1,0,1,44.20,13.56,36.10,
10214,2025-11-14,08:04:00,0.00,105,25.76,87.19,978.99,454.94,57369.10,0.00,0.00,0.00,1,0,1,44.20,13.54,36.10,
10214,2025-11-14,08:05:00,1.08,48,25.89,87.05,979.00,432.55,54544.88,0.00,0.00,0.00,1,0,1,44.20,13.54,36.10,
10214,2025-11-14,08:06:00,0.56,44,25.82,86.23,979.01,422.84,53320.25,0.00,0.00,0.00,1,0,1,44.30,13.39,36.10,
10214,2025-11-14,08:07:00,0.72,55,26.01,87.40,979.02,429.73,54189.98,0.00,0.00,0.00,1,0,1,44.30,13.68,36.10,
10214,2025-11-14,08:08:00,0.00,84,26.04,85.82,979.02,447.21,56394.09,0.00,0.00,0.00,1,0,1,44.30,13.65,36.20,
10214,2025-11-14,08:09:00,0.00,84,26.12,85.41,979.04,447.09,56378.83,0.00,0.00,0.00,1,0,1,44.30,13.65,36.20,
10214,2025-11-14,08:10:00,0.00,197,26.17,85.02,979.05,431.65,54431.79,0.00,0.00,0.00,1,0,1,44.30,13.65,36.30,
10214,2025-11-14,08:11:00,0.00,218,26.16,84.18,979.06,446.73,56333.82,0.00,0.00,0.00,1,0,1,44.30,13.68,36.30,
10214,2025-11-14,08:12:00,0.00,110,26.16,84.92,979.06,437.43,55160.91,0.00,0.00,0.00,1,0,1,44.40,13.68,36.30,
10214,2025-11-14,08:13:00,0.00,194,26.23,85.14,979.07,438.16,55253.16,0.00,0.00,0.00,1,0,1,44.40,13.56,36.40,
10214,2025-11-14,08:14:00,0.00,218,26.08,85.11,979.08,410.89,51813.65,0.00,0.00,0.00,1,0,1,44.40,13.54,36.40,
10214,2025-11-14,08:15:00,0.00,150,26.19,84.84,979.11,421.33,53130.53,0.00,0.00,0.00,1,0,1,44.40,13.62,36.40,
10214,2025-11-14,08:16:00,0.91,229,26.17,85.15,979.11,435.39,54903.11,0.00,0.00,0.00,1,0,1,44.40,13.62,36.50,
10214,2025-11-14,08:17:00,0.00,45,26.13,85.77,979.11,430.94,54342.88,0.00,0.00,0.00,1,0,1,44.40,13.54,36.50,
10214,2025-11-14,08:18:00,0.00,172,26.17,86.00,979.13,457.08,57638.05,0.00,0.00,0.00,1,0,1,44.40,13.59,36.50,
10214,2025-11-14,08:19:00,0.60,66,26.17,85.32,979.11,419.37,52883.89,0.00,0.00,0.00,1,0,,44.40,13.51,36.50,
10214,2025-11-14,08:20:00,0.00,84,26.27,86.03,979.10,421.13,53105.23,0.00,0.00,0.00,1,0,1,44.40,13.54,36.50,
10214,2025-11-14,08:21:00,0.00,84,26.33,87.37,979.12,456.03,57505.62,0.00,0.00,0.00,1,0,1,44.40,13.71,36.60,
10214,2025-11-14,08:22:00,0.00,84,26.48,86.89,979.11,458.68,57840.79,0.00,0.00,0.00,1,0,1,44.40,13.59,36.70,
10214,2025-11-14,08:24:00,0.00,166,26.43,84.87,979.10,408.74,51543.21,0.00,0.00,0.00,1,0,,44.40,13.62,36.70,
10214,2025-11-14,08:25:00,0.00,190,26.37,85.31,979.09,386.18,48697.41,0.00,0.00,0.00,1,0,1,44.40,13.36,36.70,
10214,2025-11-14,08:26:00,0.99,212,26.24,85.64,979.11,366.12,46167.80,0.00,0.00,0.00,1,0,1,44.40,13.48,36.70,
10214,2025-11-14,08:27:00,0.00,164,26.12,86.16,979.12,338.76,42718.62,0.00,0.00,0.00,1,0,,44.40,13.56,36.70,
10214,2025-11-14,08:28:00,0.00,217,26.07,86.86,979.13,316.65,39929.74,0.00,0.00,0.00,1,0,1,44.50,13.42,36.80,
10214,2025-11-14,08:29:00,0.00,213,26.03,87.03,979.12,307.25,38744.54,0.00,0.00,0.00,1,0,,44.40,13.24,36.80,
10214,2025-11-14,08:30:00,0.00,202,26.00,87.05,979.13,302.98,38206.26,0.00,0.00,0.00,1,0,,44.40,13.42,36.90,
10214,2025-11-14,08:31:00,0.00,218,25.90,87.02,979.13,310.26,39124.36,0.00,0.00,0.00,1,0,,44.40,13.54,36.90,
10214,2025-11-14,08:32:00,0.00,211,25.69,87.66,979.12,329.77,41585.14,0.00,0.00,0.00,1,0,1,44.40,13.33,36.90,
10214,2025-11-14,08:33:00,0.00,211,25.80,87.67,979.11,346.64,43712.23,0.00,0.00,0.00,1,0,1,44.40,13.51,36.90,
10214,2025-11-14,08:34:00,0.00,226,25.96,88.46,979.12,350.37,44182.44,0.00,0.00,0.00,1,0,1,44.40,13.56,36.90,
10214,2025-11-14,08:35:00,0.00,226,26.10,88.59,979.13,330.90,41726.50,0.00,0.00,0.00,1,0,,44.30,13.39,36.90,
10214,2025-11-14,08:36:00,0.00,154,26.06,88.53,979.13,310.86,39200.25,0.00,0.00,0.00,1,0,1,44.30,13.45,36.90,
10214,2025-11-14,08:37:00,0.00,154,25.96,87.91,979.13,276.60,34880.21,0.00,0.00,0.00,1,0,1,44.30,13.42,36.90,
10214,2025-11-14,08:38:00,0.00,154,25.96,88.25,979.15,242.76,30612.63,0.00,0.00,0.00,1,0,1,44.30,13.42,36.90,
10214,2025-11-14,08:39:00,0.52,138,25.87,87.88,979.16,218.45,27546.97,0.00,0.00,0.00,1,0,1,44.30,13.33,36.90,
10214,2025-11-14,08:40:00,0.00,138,25.76,88.22,979.19,200.60,25295.63,0.00,0.00,0.00,1,0,1,44.30,13.36,36.90,
10214,2025-11-14,08:41:00,0.00,138,25.69,88.62,979.20,189.74,23925.92,0.00,0.00,0.00,1,0,1,44.30,13.24,36.90,
10214,2025-11-14,08:42:00,0.00,90,25.83,88.11,979.21,186.49,23516.35,0.00,0.00,0.00,1,0,1,44.30,13.21,36.90,
10214,2025-11-14,08:43:00,0.00,90,25.66,88.14,979.23,183.38,23124.26,0.00,0.00,0.00,1,0,1,44.30,13.21,36.90,
10214,2025-11-14,08:44:00,0.00,90,25.69,87.75,979.24,180.40,22749.29,0.00,0.00,0.00,1,0,,44.30,13.10,36.90,
10214,2025-11-14,08:45:00,0.00,84,25.64,87.64,979.23,178.06,22453.55,0.00,0.00,0.00,1,0,,44.30,13.10,36.90,
10214,2025-11-14,08:46:00,0.00,84,25.58,87.94,979.24,178.61,22523.48,0.00,0.00,0.00,1,0,1,44.30,13.39,36.90,
10214,2025-11-14,08:47:00,0.00,200,25.53,87.45,979.25,182.79,23050.61,0.00,0.00,0.00,1,0,1,44.20,13.10,36.90,
10214,2025-11-14,08:48:00,0.00,130,25.70,87.29,979.24,192.17,24232.45,0.00,0.00,0.00,1,0,1,44.30,13.15,36.90,
10214,2025-11-14,08:49:00,0.00,185,25.49,86.97,979.22,204.51,25788.53,0.00,0.00,0.00,1,0,1,44.20,13.30,36.90,
10214,2025-11-14,08:50:00,0.00,185,25.51,87.49,979.23,217.36,27409.33,0.00,0.00,0.00,1,0,1,44.20,13.15,36.90,
10214,2025-11-14,08:51:00,1.48,52,25.49,87.70,979.24,231.96,29250.73,0.00,0.00,0.00,1,0,,44.20,13.15,36.90,
10214,2025-11-14,08:52:00,0.00,82,25.66,87.66,979.25,246.67,31105.90,0.00,0.00,0.00,1,0,1,44.20,13.30,36.90,
10214,2025-11-14,08:53:00,0.00,65,25.79,88.08,979.25,261.43,32967.39,0.00,0.00,0.00,1,0,1,44.10,13.27,36.90,
10214,2025-11-14,08:54:00,0.00,38,25.73,87.80,979.22,278.12,35071.04,0.00,0.00,0.00,1,0,1,44.10,13.24,36.90,
10214,2025-11-14,08:55:00,0.00,38,25.92,88.29,979.22,296.02,37328.34,0.00,0.00,0.00,1,0,1,44.20,13.33,36.90,
10214,2025-11-14,08:56:00,0.00,38,26.01,88.16,979.24,312.46,39402.24,0.00,0.00,0.00,1,0,1,44.20,13.36,36.90,
10214,2025-11-14,08:57:00,0.00,38,26.24,87.14,979.23,323.73,40822.54,0.00,0.00,0.00,1,0,1,44.20,13.51,36.90,
10214,2025-11-14,08:58:00,0.00,38,26.23,86.15,979.27,329.82,41590.72,0.00,0.00,0.00,1,0,1,44.20,13.59,36.90,
10214,2025-11-14,08:59:00,0.00,76,26.23,85.69,979.27,331.23,41768.16,0.00,0.00,0.00,1,0,1,44.20,13.45,36.90,
10214,2025-11-14,09:00:00,0.00,28,26.30,86.17,979.25,330.52,41678.88,0.00,0.00,0.00,1,0,1,44.20,13.36,36.90,
10214,2025-11-14,09:01:00,0.51,219,26.31,85.75,979.26,327.57,41307.25,0.00,0.00,0.00,1,1,1,44.30,13.48,36.90,
10214,2025-11-14,09:02:00,0.00,218,26.30,86.36,979.28,320.71,40442.35,0.00,0.00,0.00,1,0,1,44.30,13.27,36.90,
10214,2025-11-14,09:03:00,0.00,218,26.45,86.67,979.27,314.48,39656.32,0.00,0.00,0.00,1,0,1,44.30,13.45,36.90,
10214,2025-11-14,09:04:00,0.00,120,26.24,86.72,979.26,307.62,38791.79,0.00,0.00,0.00,1,0,1,44.30,13.54,36.90,
10214,2025-11-14,09:05:00,0.00,120,26.24,86.42,979.27,297.79,37551.54,0.00,0.00,0.00,1,0,,44.30,13.54,36.90,
10214,2025-11-14,09:06:00,0.00,120,26.28,87.04,979.26,293.82,37050.83,0.00,0.00,0.00,1,0,1,44.30,13.30,36.90,
10214,2025-11-14,09:07:00,0.00,120,26.31,88.34,979.23,295.39,37249.11,0.00,0.00,0.00,1,0,1,44.30,13.42,36.90,
10214,2025-11-14,09:08:00,0.00,120,26.40,88.58,979.24,299.01,37705.92,0.00,0.00,0.00,1,0,,44.30,13.54,36.90,
10214,2025-11-14,09:09:00,0.00,120,26.52,88.38,979.24,304.08,38345.02,0.00,0.00,0.00,1,0,1,44.30,13.30,36.90,
10214,2025-11-14,09:10:00,0.00,217,26.57,86.88,979.21,308.48,38899.30,0.00,0.00,0.00,1,0,1,44.30,13.42,36.90,
10214,2025-11-14,09:11:00,0.00,217,26.50,87.18,979.22,313.97,39591.59,0.00,0.00,0.00,1,0,1,44.30,13.42,36.90,
10214,2025-11-14,09:12:00,0.00,217,26.52,86.73,979.20,318.59,40174.89,0.00,0.00,0.00,1,0,1,44.30,13.51,36.90,
10214,2025-11-14,09:13:00,0.00,217,26.54,87.29,979.19,322.95,40725.07,0.00,0.00,0.00,1,0,1,44.30,13.54,36.90,
10214,2025-11-14,09:14:00,0.00,217,26.62,87.45,979.17,325.58,41056.15,0.00,0.00,0.00,1,0,1,44.30,13.62,36.90,
10214,2025-11-14,09:15:00,0.00,217,26.73,87.94,979.17,327.50,41298.32,0.00,0.00,0.00,1,0,1,44.30,13.27,36.90,
10214,2025-11-14,09:16:00,0.00,217,26.82,86.27,979.16,327.85,41341.85,0.00,0.00,0.00,1,0,,44.30,13.42,36.90,
10214,2025-11-14,09:17:00,0.00,217,26.78,86.66,979.14,327.95,41354.50,0.00,0.00,0.00,1,0,1,44.40,13.51,36.90,
10214,2025-11-14,09:18:00,0.00,217,26.59,86.33,979.13,328.89,41473.91,0.00,0.00,0.00,1,0,1,44.40,13.39,36.90,
10214,2025-11-14,09:19:00,0.00,217,26.73,87.48,979.12,328.90,41475.40,0.00,0.00,0.00,1,0,1,44.40,13.59,37.00,
10214,2025-11-14,09:20:00,0.00,217,26.64,86.09,979.11,327.18,41258.15,0.00,0.00,0.00,1,0,1,44.40,13.54,37.00,
10214,2025-11-14,09:21:00,0.00,238,26.65,85.43,979.12,323.64,40811.38,0.00,0.00,0.00,1,0,1,44.40,13.39,37.00,
10214,2025-11-14,09:22:00,0.00,202,26.54,85.77,979.13,320.62,40431.19,0.00,0.00,0.00,1,0,1,44.40,13.59,37.00,
10214,2025-11-14,09:23:00,0.57,229,26.52,86.38,979.13,317.02,39976.98,0.00,0.00,0.00,1,0,1,44.40,13.54,37.00,
10214,2025-11-14,09:24:00,0.83,242,26.36,86.58,979.11,313.01,39471.06,0.00,0.00,0.00,1,0,,44.40,13.42,37.00,
10214,2025-11-14,09:25:00,0.00,277,26.41,87.82,979.11,309.38,39013.13,0.00,0.00,0.00,1,0,1,44.40,13.51,37.00,
10214,2025-11-14,09:27:00,0.00,277,26.47,87.71,979.11,308.53,38906.74,0.00,0.00,0.00,1,0,,44.50,13.56,37.10,
10214,2025-11-14,09:28:00,0.00,205,26.44,88.09,979.10,310.80,39192.06,0.00,0.00,0.00,1,0,1,44.50,13.59,37.10,
10214,2025-11-14,09:29:00,0.00,205,26.51,88.30,979.09,312.17,39364.67,0.00,0.00,0.00,1,0,1,44.40,13.33,37.00,
10214,2025-11-14,09:31:00,0.00,234,26.40,88.77,979.08,317.30,40011.95,0.00,0.00,0.00,1,0,,44.50,13.48,37.10,
10214,2025-11-14,09:32:00,0.00,67,26.30,89.13,979.05,321.72,40569.58,0.00,0.00,0.00,1,0,1,44.50,13.59,37.10,
10214,2025-11-14,09:33:00,0.71,56,26.28,89.20,979.03,326.22,41136.88,0.00,0.00,0.00,1,0,1,44.50,13.54,37.10,
10214,2025-11-14,09:34:00,0.00,168,26.33,89.35,979.02,330.34,41656.56,0.00,0.00,0.00,1,0,1,44.40,13.65,37.10,
10214,2025-11-14,09:35:00,0.00,168,26.24,89.25,978.99,334.59,42192.98,0.00,0.00,0.00,1,0,1,44.50,13.65,37.10,
10214,2025-11-14,09:36:00,0.00,168,26.07,89.22,978.96,337.12,42511.05,0.00,0.00,0.00,1,0,,44.50,13.39,37.00,
10214,2025-11-14,09:37:00,0.00,168,25.93,89.57,978.92,339.66,42832.08,0.00,0.00,0.00,1,0,1,44.40,13.62,37.00,
10214,2025-11-14,09:38:00,0.00,168,26.03,90.25,978.92,344.28,43413.89,0.00,0.00,0.00,1,0,1,44.50,13.45,37.00,
10214,2025-11-14,09:39:00,0.00,168,26.08,90.01,978.87,352.24,44418.66,0.00,0.00,0.00,1,0,1,44.50,13.51,37.00,
10214,2025-11-14,09:40:00,0.00,168,26.06,90.67,978.85,358.01,45146.29,0.00,0.00,0.00,1,0,1,44.50,13.54,37.00,
10214,2025-11-14,09:41:00,0.00,168,26.26,90.60,978.83,363.05,45780.93,0.00,0.00,0.00,1,0,1,44.50,13.51,37.00,
10214,2025-11-14,09:42:00,0.00,61,26.30,90.62,978.82,368.49,46467.64,0.00,0.00,0.00,1,0,1,44.50,13.68,37.00,
10214,2025-11-14,09:43:00,0.00,61,26.36,89.35,978.78,373.32,47075.86,0.00,0.00,0.00,1,0,1,44.60,13.74,37.00,
10214,2025-11-14,09:44:00,0.00,61,26.34,88.79,978.77,377.15,47559.09,0.00,0.00,0.00,1,0,1,44.60,13.45,37.00,
10214,2025-11-14,09:45:00,0.00,61,26.43,89.02,978.74,381.50,48108.16,0.00,0.00,0.00,1,0,1,44.60,13.65,37.00,
10214,2025-11-14,09:46:00,0.00,61,26.61,89.34,978.72,388.05,48933.25,0.00,0.00,0.00,1,0,1,44.60,13.56,37.00,
10214,2025-11-14,09:47:00,0.00,61,26.51,88.92,978.70,390.84,49285.54,0.00,0.00,0.00,1,0,,44.60,13.77,36.90,
10214,2025-11-14,09:48:00,0.00,61,26.44,88.98,978.67,392.11,49445.50,0.00,0.00,0.00,1,0,1,44.60,13.80,36.90,
10214,2025-11-14,09:49:00,0.00,61,26.59,88.24,978.65,393.91,49672.79,0.00,0.00,0.00,1,0,1,44.70,13.54,36.90,
10214,2025-11-14,09:50:00,0.00,61,26.59,88.60,978.60,395.93,49927.24,0.00,0.00,0.00,1,0,1,44.70,13.71,36.90,
10214,2025-11-14,09:51:00,0.00,61,26.65,89.02,978.59,400.14,50458.08,0.00,0.00,0.00,1,0,1,44.70,13.80,37.00,
10214,2025-11-14,09:52:00,0.00,218,26.52,87.74,978.60,402.28,50727.78,0.00,0.00,0.00,1,0,1,44.80,13.59,36.90,
10214,2025-11-14,09:53:00,0.00,218,26.47,88.42,978.56,407.56,51394.41,0.00,0.00,0.00,1,0,1,44.70,13.83,37.00,
10214,2025-11-14,09:54:00,0.00,218,26.54,88.64,978.55,413.71,52168.91,0.00,0.00,0.00,1,0,,44.80,13.80,37.00,
10214,2025-11-14,09:55:00,0.00,50,26.64,89.08,978.54,426.81,53821.33,0.00,0.00,0.00,1,0,1,44.70,13.92,37.00,
10214,2025-11-14,09:56:00,0.80,45,26.70,88.83,978.49,429.21,54123.77,0.00,0.00,0.00,1,0,1,44.80,13.95,37.00,
10214,2025-11-14,09:57:00,0.00,23,26.71,88.80,978.48,433.32,54642.34,0.00,0.00,0.00,1,0,1,44.80,13.74,37.00,
10214,2025-11-14,09:58:00,0.00,55,26.78,88.95,978.46,437.15,55124.82,0.00,0.00,0.00,1,0,1,44.80,13.83,37.00,
10214,2025-11-14,09:59:00,0.00,55,26.81,88.33,978.41,436.06,54987.55,0.00,0.00,0.00,1,0,1,44.80,13.80,37.00,
10214,2025-11-14,10:00:00,0.00,55,26.82,89.05,978.37,437.88,55217.45,0.00,0.00,0.00,1,0,1,44.90,13.95,37.00,
10214,2025-11-14,10:01:00,0.00,55,26.95,88.40,978.35,446.85,56349.07,0.00,0.00,0.00,1,1,1,44.90,14.00,37.10,
10214,2025-11-14,10:02:00,0.00,54,26.94,88.15,978.30,451.31,56910.42,0.00,0.00,0.00,1,0,1,44.90,13.97,37.10,
10214,2025-11-14,10:03:00,0.00,67,27.03,89.53,978.28,459.14,57898.82,0.00,0.00,0.00,1,0,,44.90,14.12,37.10,
10214,2025-11-14,10:04:00,0.00,67,27.13,89.12,978.26,461.39,58182.66,0.00,0.00,0.00,1,0,1,44.90,13.92,37.10,
10214,2025-11-14,10:05:00,0.00,67,27.28,89.17,978.25,464.33,58553.17,0.00,0.00,0.00,1,0,1,45.00,14.09,37.10,
10214,2025-11-14,10:06:00,1.37,227,27.26,88.31,978.21,468.82,59118.98,0.00,0.00,0.00,1,0,1,45.00,14.15,37.20,
10214,2025-11-14,10:07:00,0.00,172,27.06,87.67,978.21,473.96,59767.38,0.00,0.00,0.00,1,0,1,45.00,14.12,37.20,
10214,2025-11-14,10:08:00,0.00,129,27.05,88.51,978.19,479.13,60418.75,0.00,0.00,0.00,1,0,1,45.00,13.92,37.20,
10214,2025-11-14,10:09:00,0.00,75,27.05,88.17,978.17,487.73,61503.50,0.00,0.00,0.00,1,0,1,45.00,13.92,37.20,
10214,2025-11-14,10:10:00,0.00,41,27.10,88.06,978.15,495.09,62432.02,0.00,0.00,0.00,1,0,1,45.00,14.09,37.30,
10214,2025-11-14,10:11:00,0.00,101,27.16,88.26,978.14,514.66,64899.49,0.00,0.00,0.00,1,0,1,45.00,14.00,37.30,
10214,2025-11-14,10:12:00,0.00,114,27.10,87.89,978.15,533.74,67305.22,0.00,0.00,0.00,1,0,1,45.10,14.09,37.30,
10214,2025-11-14,10:13:00,0.00,114,27.15,87.81,978.14,533.65,67294.05,0.00,0.00,0.00,1,0,1,45.10,14.06,37.40,
10214,2025-11-14,10:14:00,0.00,109,27.21,87.24,978.12,541.87,68330.45,0.00,0.00,0.00,1,0,1,45.10,13.97,37.50,
10214,2025-11-14,10:15:00,1.04,209,27.16,87.76,978.10,534.51,67402.68,0.00,0.00,0.00,1,0,1,45.10,14.15,37.50,
10214,2025-11-14,10:16:00,0.00,204,27.17,88.30,978.09,535.69,67551.11,0.00,0.00,0.00,1,0,1,45.10,14.00,37.50,
10214,2025-11-14,10:17:00,0.00,159,27.07,87.65,978.10,554.66,69943.45,0.00,0.00,0.00,1,0,,45.10,13.89,37.50,
10214,2025-11-14,10:18:00,0.00,161,27.06,88.00,978.09,572.01,72131.17,0.00,0.00,0.00,1,0,,45.10,14.06,37.50,
10214,2025-11-14,10:19:00,0.00,174,27.15,87.69,978.13,564.67,71205.64,0.00,0.00,0.00,1,0,1,45.10,14.03,37.60,
10214,2025-11-14,10:20:00,0.00,180,27.21,88.03,978.14,540.06,68102.41,0.00,0.00,0.00,1,0,,45.10,13.97,37.70,
10214,2025-11-14,10:21:00,0.00,95,27.21,87.65,978.16,516.40,65119.34,0.00,0.00,0.00,1,0,1,45.10,14.12,37.70,
10214,2025-11-14,10:22:00,0.00,298,27.21,87.99,978.19,501.69,63264.55,0.00,0.00,0.00,1,0,1,45.10,14.09,37.70,
10214,2025-11-14,10:23:00,0.00,298,27.34,87.41,978.20,487.50,61474.12,0.00,0.00,0.00,1,0,,45.10,14.15,37.80,
10214,2025-11-14,10:24:00,0.87,41,27.30,87.03,978.19,478.33,60318.68,0.00,0.00,0.00,1,0,1,45.10,14.03,37.80,
10214,2025-11-14,10:25:00,0.00,7,27.56,88.37,978.20,507.62,64012.27,0.00,0.00,0.00,1,0,1,45.10,13.92,37.80,
10214,2025-11-14,10:26:00,0.00,79,27.56,87.44,978.16,501.57,63248.93,0.00,0.00,0.00,1,0,1,45.10,13.95,37.90,
10214,2025-11-14,10:27:00,0.00,84,27.71,87.28,978.15,504.25,63586.71,0.00,0.00,0.00,1,0,,45.10,13.92,37.90,
10214,2025-11-14,10:28:00,0.00,70,27.74,86.76,978.15,506.82,63911.09,0.00,0.00,0.00,1,0,,45.10,14.15,38.00,
10214,2025-11-14,10:29:00,0.68,111,27.73,86.26,978.15,503.23,63458.37,0.00,0.00,0.00,1,0,1,45.10,13.92,38.00,
10214,2025-11-14,10:30:00,1.05,45,27.75,86.37,978.15,508.50,64123.13,0.00,0.00,0.00,1,0,1,45.10,13.83,38.00,
10214,2025-11-14,10:31:00,0.00,172,27.60,86.21,978.17,510.40,64361.95,0.00,0.00,0.00,1,0,1,45.10,13.92,38.10,
10214,2025-11-14,10:33:00,0.00,168,27.65,86.38,978.21,510.70,64400.64,0.00,0.00,0.00,1,0,,45.10,14.03,38.10,
10214,2025-11-14,10:34:00,0.00,61,27.58,86.39,978.22,520.46,65630.48,0.00,0.00,0.00,1,0,1,45.10,14.09,38.20,
10214,2025-11-14,10:35:00,0.00,212,27.73,86.26,978.21,529.19,66731.97,0.00,0.00,0.00,1,0,1,45.00,13.92,38.30,
10214,2025-11-14,10:36:00,0.00,229,27.64,85.82,978.23,534.24,67369.20,0.00,0.00,0.00,1,0,1,45.00,13.95,38.30,
10214,2025-11-14,10:37:00,0.00,127,27.77,86.05,978.23,546.30,68888.82,0.00,0.00,0.00,1,0,1,45.00,13.92,38.30,
10214,2025-11-14,10:38:00,0.00,203,27.95,86.18,978.26,556.26,70145.06,0.00,0.00,0.00,1,0,1,45.00,14.00,38.30,
10214,2025-11-14,10:39:00,0.76,146,28.07,87.64,978.25,569.41,71803.81,0.00,0.00,0.00,1,0,1,45.00,13.86,38.50,
10214,2025-11-14,10:40:00,0.69,161,28.16,84.55,978.25,585.80,73870.65,0.00,0.00,0.00,1,0,1,45.00,14.06,38.50,
10214,2025-11-14,10:41:00,1.50,90,28.12,81.06,978.21,594.05,74911.13,0.00,0.00,0.00,1,0,1,45.00,14.00,38.50,
10214,2025-11-14,10:42:00,1.32,247,28.16,81.88,978.24,617.59,77878.57,0.00,0.00,0.00,1,0,1,45.00,14.00,38.60,
10214,2025-11-14,10:43:00,0.00,290,28.11,82.01,978.24,626.60,79015.41,0.00,0.00,0.00,1,0,,45.00,13.86,38.60,
10214,2025-11-14,10:45:00,0.00,144,28.21,84.70,978.21,572.34,72173.21,0.00,0.00,0.00,1,0,,45.00,14.00,38.70,
10214,2025-11-14,10:46:00,0.57,105,28.21,84.65,978.20,560.90,70730.59,0.00,0.00,0.00,1,0,1,44.90,14.09,38.80,
10214,2025-11-14,10:47:00,0.00,130,28.34,85.22,978.22,554.36,69905.13,0.00,0.00,0.00,1,0,1,44.90,14.15,38.90,
10214,2025-11-14,10:48:00,0.00,187,28.18,85.08,978.19,553.63,69813.62,0.00,0.00,0.00,1,0,1,44.90,14.18,38.90,
10214,2025-11-14,10:49:00,0.72,15,28.40,85.37,978.19,553.90,69848.21,0.00,0.00,0.00,1,0,1,44.90,14.00,38.90,
10214,2025-11-14,10:50:00,0.00,59,28.50,85.65,978.20,555.50,70049.46,0.00,0.00,0.00,1,0,1,44.90,13.97,39.00,
10214,2025-11-14,10:51:00,0.00,106,28.60,83.44,978.17,556.54,70181.15,0.00,0.00,0.00,1,0,,44.90,14.12,39.00,
10214,2025-11-14,10:53:00,0.00,223,28.64,83.90,978.13,554.11,69874.25,0.00,0.00,0.00,1,0,,44.80,14.09,39.10,
10214,2025-11-14,10:54:00,0.00,220,28.64,83.64,978.12,542.96,68468.09,0.00,0.00,0.00,1,0,1,44.80,14.09,39.20,
10214,2025-11-14,10:55:00,0.73,248,28.49,82.96,978.09,542.46,68405.59,0.00,0.00,0.00,1,0,1,44.80,13.97,39.20,
10214,2025-11-14,10:56:00,0.00,270,28.45,84.42,978.10,548.75,69198.33,0.00,0.00,0.00,1,0,1,44.80,13.92,39.30,
10214,2025-11-14,10:58:00,0.00,241,28.26,84.00,978.05,555.76,70081.83,0.00,0.00,0.00,1,0,,44.80,14.03,39.40,
10214,2025-11-14,10:59:00,0.00,187,28.28,83.49,978.02,553.96,69855.28,0.00,0.00,0.00,1,0,1,44.80,14.15,39.40,
10214,2025-11-14,11:00:00,0.00,187,28.15,82.78,977.99,553.78,69832.21,0.00,0.00,0.00,1,0,1,44.70,13.97,39.50,
10214,2025-11-14,11:02:00,0.00,246,28.26,79.94,977.97,559.35,70534.92,0.00,0.00,0.00,1,0,,44.70,14.03,39.60,
10214,2025-11-14,11:03:00,0.00,246,28.39,80.80,977.96,560.90,70729.85,0.00,0.00,0.00,1,0,1,44.70,14.03,39.60,
10214,2025-11-14,11:04:00,0.00,284,28.56,79.07,977.94,563.06,71002.52,0.00,0.00,0.00,1,0,1,44.60,14.09,39.60,
10214,2025-11-14,11:05:00,0.00,240,28.73,81.74,977.92,561.98,70866.38,0.00,0.00,0.00,1,0,,44.70,14.03,39.70,
10214,2025-11-14,11:06:00,0.85,250,28.83,80.04,977.89,561.88,70853.73,0.00,0.00,0.00,1,0,1,44.60,14.21,39.70,
10214,2025-11-14,11:07:00,0.00,270,28.84,77.19,977.86,559.03,70494.74,0.00,0.00,0.00,1,0,1,44.60,13.95,39.80,
10214,2025-11-14,11:08:00,1.25,151,28.93,81.25,977.87,560.36,70662.89,0.00,0.00,0.00,1,0,,44.60,14.09,39.80,
10214,2025-11-14,11:09:00,0.00,174,28.96,81.80,977.86,563.09,71006.62,0.00,0.00,0.00,1,0,1,44.60,14.00,39.90,
10214,2025-11-14,11:11:00,0.00,174,28.84,80.25,977.81,582.69,73477.81,0.00,0.00,0.00,1,0,,44.60,14.00,40.00,
10214,2025-11-14,11:13:00,0.00,238,29.01,80.47,977.76,606.46,76475.02,0.00,0.00,0.00,1,0,,44.60,14.18,40.00,
10214,2025-11-14,11:14:00,0.00,54,29.07,78.66,977.74,620.24,78213.74,0.00,0.00,0.00,1,0,,44.60,14.27,40.10,
10214,2025-11-14,11:15:00,1.03,214,29.13,77.81,977.67,637.09,80337.87,0.00,0.00,0.00,1,0,1,44.60,14.33,40.10,
10214,2025-11-14,11:16:00,0.51,275,29.13,76.95,977.65,656.82,82825.80,0.00,0.00,0.00,1,0,1,44.50,13.97,40.20,
10214,2025-11-14,11:17:00,0.57,226,29.27,78.72,977.61,662.98,83602.91,0.00,0.00,0.00,1,0,1,44.50,14.03,40.20,
10214,2025-11-14,11:18:00,0.00,240,29.20,77.57,977.57,652.25,82249.57,0.00,0.00,0.00,1,0,1,44.60,14.12,40.30,
10214,2025-11-14,11:19:00,0.00,221,29.28,77.05,977.57,641.17,80853.09,0.00,0.00,0.00,1,0,1,44.50,14.12,40.30,
10214,2025-11-14,11:20:00,0.82,311,29.34,77.34,977.55,641.19,80855.69,0.00,0.00,0.00,1,0,1,44.50,13.97,40.40,
10214,2025-11-14,11:21:00,0.00,247,29.52,75.05,977.51,641.21,80858.30,0.00,0.00,0.00,1,0,,44.50,13.97,40.40,
10214,2025-11-14,11:22:00,0.96,280,29.52,75.66,977.48,642.27,80991.10,0.00,0.00,0.00,1,0,1,44.50,14.24,40.40,
10214,2025-11-14,11:23:00,0.00,219,29.55,76.13,977.48,657.14,82865.98,0.00,0.00,0.00,1,0,1,44.50,14.06,40.50,
10214,2025-11-14,11:24:00,0.91,185,29.75,74.54,977.47,652.74,82311.33,0.00,0.00,0.00,1,0,1,44.60,14.30,40.60,
10214,2025-11-14,11:25:00,0.81,192,29.66,76.01,977.45,650.19,81989.91,0.00,0.00,0.00,1,0,1,44.50,14.09,40.60,
10214,2025-11-14,11:26:00,0.00,174,29.61,77.88,977.43,652.26,82250.69,0.00,0.00,0.00,1,0,1,44.50,14.12,40.60,
10214,2025-11-14,11:27:00,0.92,212,29.75,78.62,977.42,651.92,82208.28,0.00,0.00,0.00,1,0,1,44.50,14.06,40.70,
10214,2025-11-14,11:28:00,1.39,199,29.73,77.03,977.39,647.90,81701.24,0.00,0.00,0.00,1,0,1,44.50,14.30,40.80,
10214,2025-11-14,11:29:00,0.00,180,29.58,76.98,977.39,641.10,80843.79,0.00,0.00,0.00,1,0,1,44.50,14.21,40.80,
10214,2025-11-14,11:30:00,0.00,180,29.45,77.24,977.37,640.53,80771.99,0.00,0.00,0.00,1,0,1,44.50,14.03,40.80,
10214,2025-11-14,11:31:00,0.00,119,29.59,76.31,977.34,635.06,80082.67,0.00,0.00,0.00,1,0,1,44.50,14.30,40.90,
10214,2025-11-14,11:32:00,0.00,229,29.65,77.24,977.34,628.89,79304.08,0.00,0.00,0.00,1,0,1,44.40,14.12,41.00,
10214,2025-11-14,11:33:00,0.00,180,29.77,76.86,977.33,632.35,79740.06,0.00,0.00,0.00,1,0,1,44.40,14.18,41.00,
10214,2025-11-14,11:34:00,0.00,222,29.77,75.33,977.33,634.25,79980.38,0.00,0.00,0.00,1,0,,44.40,14.21,41.00,
10214,2025-11-14,11:35:00,0.00,107,29.79,76.01,977.34,621.58,78381.89,0.00,0.00,0.00,1,0,1,44.30,14.03,41.10,
10214,2025-11-14,11:36:00,0.00,107,29.86,74.99,977.33,625.40,78864.00,0.00,0.00,0.00,1,0,1,44.30,14.24,41.10,
10214,2025-11-14,11:37:00,1.03,209,29.87,75.35,977.30,611.48,77108.16,0.00,0.00,0.00,1,0,1,44.30,13.97,41.20,
10214,2025-11-14,11:38:00,1.04,38,29.85,75.28,977.28,580.77,73236.38,0.00,0.00,0.00,1,0,1,44.30,14.18,41.20,
10214,2025-11-14,11:39:00,0.00,218,29.86,76.01,977.25,561.22,70770.77,0.00,0.00,0.00,1,0,,44.30,14.03,41.30,
10214,2025-11-14,11:40:00,0.00,218,29.99,74.76,977.24,558.25,70395.80,0.00,0.00,0.00,1,0,1,44.30,14.06,41.30,
10214,2025-11-14,11:41:00,1.17,49,29.96,74.08,977.20,559.26,70524.13,0.00,0.00,0.00,1,0,1,44.20,14.09,41.40,
10214,2025-11-14,11:42:00,0.00,240,30.09,73.33,977.19,555.65,70068.06,0.00,0.00,0.00,1,0,1,44.20,14.24,41.40,
10214,2025-11-14,11:43:00,0.00,124,30.19,73.20,977.19,549.26,69262.68,0.00,0.00,0.00,1,0,1,44.20,14.30,41.40,
10214,2025-11-14,11:44:00,0.00,124,30.23,72.53,977.19,542.63,68427.17,0.00,0.00,0.00,1,0,1,44.20,14.06,41.50,
10214,2025-11-14,11:45:00,0.00,258,30.31,71.71,977.19,534.23,67367.34,0.00,0.00,0.00,1,0,1,44.20,14.03,41.50,
10214,2025-11-14,11:46:00,0.00,192,30.23,72.96,977.18,529.37,66753.91,0.00,0.00,0.00,1,0,1,44.20,14.09,41.60,
10214,2025-11-14,11:47:00,0.00,16,30.20,73.32,977.18,527.17,66477.52,0.00,0.00,0.00,1,0,1,44.10,14.21,41.60,
10214,2025-11-14,11:48:00,0.00,16,30.13,73.63,977.15,526.41,66380.80,0.00,0.00,0.00,1,0,1,44.10,14.12,41.60,
10214,2025-11-14,11:49:00,0.00,16,30.07,73.68,977.12,531.83,67065.28,0.00,0.00,0.00,1,0,1,44.10,14.21,41.70,
10214,2025-11-14,11:50:00,0.00,55,30.20,72.64,977.11,535.93,67581.98,0.00,0.00,0.00,1,0,1,44.10,14.24,41.70,
10214,2025-11-14,11:51:00,0.00,24,30.30,73.15,977.11,547.57,69049.52,0.00,0.00,0.00,1,0,1,44.00,14.12,41.80,
10214,2025-11-14,11:52:00,0.00,24,30.51,72.78,977.09,557.26,70271.91,0.00,0.00,0.00,1,0,1,44.00,14.06,41.80,
10214,2025-11-14,11:53:00,0.00,206,30.45,72.29,977.04,571.09,72015.85,0.00,0.00,0.00,1,0,1,44.00,14.09,41.80,
10214,2025-11-14,11:54:00,0.00,62,30.33,72.89,977.06,581.38,73312.65,0.00,0.00,0.00,1,0,1,44.00,14.15,41.80,
10214,2025-11-14,11:55:00,0.63,102,30.28,72.41,977.03,578.09,72897.87,0.00,0.00,0.00,1,0,1,44.00,14.18,41.90,
10214,2025-11-14,11:56:00,1.05,59,30.28,72.58,977.00,560.86,70725.38,0.00,0.00,0.00,1,0,1,43.90,14.24,42.00,
10214,2025-11-14,11:57:00,0.00,34,30.47,73.70,976.97,573.53,72322.75,0.00,0.00,0.00,1,0,1,44.00,13.97,42.00,
10214,2025-11-14,11:58:00,0.00,301,30.44,72.32,976.95,569.08,71761.41,0.00,0.00,0.00,1,0,1,43.90,14.09,42.00,
10214,2025-11-14,11:59:00,0.00,323,30.61,71.02,976.92,553.52,69799.85,0.00,0.00,0.00,1,0,1,43.90,14.21,42.00,
10214,2025-11-14,12:00:00,0.00,253,30.54,71.82,976.90,547.90,69091.19,0.00,0.00,0.00,1,0,1,43.90,14.15,42.00,
10214,2025-11-14,12:01:00,0.00,290,30.51,72.76,976.87,544.61,68675.66,0.00,0.00,0.00,1,1,1,43.80,14.24,42.10,
10214,2025-11-14,12:02:00,0.00,259,30.38,71.99,976.86,562.75,70963.47,0.00,0.00,0.00,1,0,1,43.80,14.03,42.20,
10214,2025-11-14,12:03:00,0.00,249,30.41,73.68,976.85,548.74,69197.58,0.00,0.00,0.00,1,0,1,43.80,14.06,42.20,
10214,2025-11-14,12:04:00,0.00,238,30.31,73.35,976.84,506.73,63899.93,0.00,0.00,0.00,1,0,1,43.80,14.12,42.20,
10214,2025-11-14,12:05:00,0.00,243,30.34,73.81,976.83,468.12,59030.82,0.00,0.00,0.00,1,0,1,43.80,14.15,42.20,
10214,2025-11-14,12:06:00,0.00,207,30.23,73.44,976.83,427.38,53893.88,0.00,0.00,0.00,1,0,1,43.80,14.27,42.20,
10214,2025-11-14,12:07:00,0.99,189,30.07,73.89,976.78,392.60,49507.62,0.00,0.00,0.00,1,0,1,43.70,14.12,42.30,
10214,2025-11-14,12:08:00,0.64,132,29.99,73.94,976.74,369.50,46594.86,0.00,0.00,0.00,1,0,,43.70,14.21,42.30,
10214,2025-11-14,12:09:00,0.00,124,29.95,74.16,976.71,355.00,44765.74,0.00,0.00,0.00,1,0,1,43.70,14.06,42.40,
10214,2025-11-14,12:10:00,0.00,97,29.79,75.93,976.70,340.57,42946.66,0.00,0.00,0.00,1,0,1,43.70,14.06,42.40,
10214,2025-11-14,12:11:00,0.00,149,29.76,75.72,976.66,331.97,41862.28,0.00,0.00,0.00,1,0,1,43.70,14.15,42.40,
10214,2025-11-14,12:12:00,0.00,120,29.64,76.06,976.65,329.68,41573.23,0.00,0.00,0.00,1,0,1,43.60,14.24,42.40,
10214,2025-11-14,12:13:00,0.98,69,29.49,76.40,976.61,332.71,41955.65,0.00,0.00,0.00,1,0,1,43.50,14.12,42.40,
10214,2025-11-14,12:14:00,0.70,74,29.41,75.53,976.58,342.58,43199.62,0.00,0.00,0.00,1,0,1,43.50,14.03,42.40,
10214,2025-11-14,12:15:00,0.00,53,29.39,76.98,976.56,360.88,45507.50,0.00,0.00,0.00,1,0,1,43.50,14.18,42.40,
10214,2025-11-14,12:16:00,0.00,185,29.38,76.40,976.54,388.78,49025.88,0.00,0.00,0.00,1,0,1,43.50,14.18,42.40,
10214,2025-11-14,12:17:00,0.55,42,29.29,76.96,976.51,416.57,52530.12,0.00,0.00,0.00,1,0,1,43.40,13.95,42.40,
10214,2025-11-14,12:18:00,0.89,232,29.42,79.00,976.51,444.36,56034.36,0.00,0.00,0.00,1,0,1,43.40,14.00,42.30,
10214,2025-11-14,12:19:00,0.88,207,29.42,77.71,976.46,469.47,59201.57,0.00,0.00,0.00,1,0,1,43.40,14.27,42.30,
10214,2025-11-14,12:20:00,0.68,235,29.39,77.56,976.46,478.19,60300.83,0.00,0.00,0.00,1,0,1,43.40,14.00,42.30,
10214,2025-11-14,12:21:00,0.00,200,29.49,78.69,976.43,477.23,60179.18,0.00,0.00,0.00,1,0,1,43.30,14.12,42.20,
10214,2025-11-14,12:22:00,0.77,243,29.49,77.87,976.41,466.99,58887.97,0.00,0.00,0.00,1,0,1,43.40,14.21,42.20,
10214,2025-11-14,12:23:00,0.00,253,29.37,77.49,976.38,460.06,58014.89,0.00,0.00,0.00,1,0,1,43.40,14.21,42.20,
10214,2025-11-14,12:24:00,0.00,187,29.54,78.86,976.37,456.86,57611.27,0.00,0.00,0.00,1,0,1,43.40,14.06,42.20,
10214,2025-11-14,12:25:00,0.00,187,29.54,76.98,976.34,449.25,56651.51,0.00,0.00,0.00,1,0,1,43.30,14.21,42.20,
10214,2025-11-14,12:26:00,0.72,0,29.56,77.19,976.35,443.39,55912.34,0.00,0.00,0.00,1,0,1,43.40,14.24,42.20,
10214,2025-11-14,12:27:00,0.00,84,29.65,75.82,976.34,437.01,55107.34,0.00,0.00,0.00,1,0,1,43.40,14.00,42.10,
10214,2025-11-14,12:28:00,0.00,169,29.64,76.92,976.31,429.39,54146.83,0.00,0.00,0.00,1,0,1,43.40,14.18,42.10,
10214,2025-11-14,12:29:00,0.00,255,29.64,76.42,976.32,419.63,52915.89,0.00,0.00,0.00,1,0,1,43.40,14.12,42.00,
10214,2025-11-14,12:30:00,0.00,225,29.62,75.71,976.31,411.70,51915.95,0.00,0.00,0.00,1,0,1,43.40,14.15,42.00,
10214,2025-11-14,12:31:00,0.00,250,29.58,77.49,976.33,405.09,51081.93,0.00,0.00,0.00,1,0,1,43.40,14.12,42.00,
10214,2025-11-14,12:32:00,0.00,242,29.61,76.56,976.30,398.85,50295.89,0.00,0.00,0.00,1,0,1,43.40,14.06,42.00,
10214,2025-11-14,12:33:00,0.00,275,29.47,76.84,976.30,397.58,50135.93,0.00,0.00,0.00,1,0,,43.50,14.21,42.00,
10214,2025-11-14,12:34:00,1.13,241,29.56,78.38,976.33,394.81,49786.25,0.00,0.00,0.00,1,0,,43.50,14.15,42.00,
10214,2025-11-14,12:35:00,1.20,222,29.56,77.63,976.30,397.91,50176.85,0.00,0.00,0.00,1,0,1,43.50,14.15,42.00,
10214,2025-11-14,12:36:00,1.02,208,29.39,78.33,976.28,404.62,51022.78,0.00,0.00,0.00,1,0,1,43.50,14.06,41.90,
10214,2025-11-14,12:37:00,0.84,185,29.18,76.19,976.26,412.22,51981.42,0.00,0.00,0.00,1,0,,43.50,14.00,41.90,
10214,2025-11-14,12:39:00,0.00,247,29.18,74.23,976.27,419.84,52942.30,0.00,0.00,0.00,1,0,,43.50,14.03,41.90,
10214,2025-11-14,12:40:00,0.00,247,29.21,75.29,976.26,418.58,52783.82,0.00,0.00,0.00,1,0,1,43.50,14.30,41.80,
10214,2025-11-14,12:41:00,0.00,247,29.27,74.41,976.28,417.36,52629.82,0.00,0.00,0.00,1,0,1,43.50,14.12,41.80,
10214,2025-11-14,12:42:00,0.00,224,29.35,76.66,976.30,417.90,52697.89,0.00,0.00,0.00,1,0,1,43.50,14.18,41.80,
10214,2025-11-14,12:43:00,0.00,292,29.44,78.56,976.34,419.60,52911.79,0.00,0.00,0.00,1,0,1,43.60,14.21,41.80,
10214,2025-11-14,12:44:00,0.00,292,29.49,78.13,976.32,416.46,52516.36,0.00,0.00,0.00,1,0,1,43.50,14.21,41.70,
10214,2025-11-14,12:46:00,0.00,292,29.58,79.15,976.33,421.33,53130.90,0.00,0.00,0.00,1,0,,43.60,14.03,41.70,
10214,2025-11-14,12:47:00,0.00,54,29.49,78.23,976.30,426.78,53817.24,0.00,0.00,0.00,1,0,,43.70,14.18,41.70,
10214,2025-11-14,12:48:00,0.64,224,29.47,77.21,976.28,429.87,54206.73,0.00,0.00,0.00,1,0,,43.70,14.18,41.70,
10214,2025-11-14,12:49:00,0.00,139,29.31,77.62,976.27,428.31,54010.68,0.00,0.00,0.00,1,0,,43.70,14.21,41.60,
10214,2025-11-14,12:50:00,0.00,185,29.22,78.41,976.25,425.97,53714.94,0.00,0.00,0.00,1,0,1,43.70,14.18,41.60,
10214,2025-11-14,12:51:00,0.65,83,29.29,78.74,976.27,424.87,53576.93,0.00,0.00,0.00,1,0,1,43.70,14.06,41.60,
10214,2025-11-14,12:52:00,0.85,101,29.17,78.15,976.25,419.90,52949.74,0.00,0.00,0.00,1,0,1,43.70,14.00,41.60,
10214,2025-11-14,12:53:00,0.00,195,29.14,77.16,976.24,408.36,51494.84,0.00,0.00,0.00,1,0,1,43.70,14.03,41.60,
10214,2025-11-14,12:54:00,1.53,32,29.16,78.80,976.16,392.87,49541.10,0.00,0.00,0.00,1,0,1,43.70,14.00,41.60,
10214,2025-11-14,12:55:00,0.00,217,29.18,78.84,976.16,385.63,48628.96,0.00,0.00,0.00,1,0,1,43.70,14.18,41.60,
10214,2025-11-14,12:56:00,0.55,240,29.18,78.35,976.15,383.69,48383.81,0.00,0.00,0.00,1,0,,43.70,14.21,41.60,
10214,2025-11-14,12:57:00,0.00,55,29.10,79.43,976.16,384.87,48532.61,0.00,0.00,0.00,1,0,1,43.70,13.97,41.50,
10214,2025-11-14,12:58:00,0.00,124,29.14,79.04,976.14,386.70,48763.25,0.00,0.00,0.00,1,0,1,43.70,14.21,41.50,
10214,2025-11-14,12:59:00,0.00,341,29.14,79.30,976.15,381.67,48128.62,0.00,0.00,0.00,1,0,1,43.70,14.03,41.50,
10214,2025-11-14,13:00:00,0.00,126,29.03,78.97,976.14,366.88,46264.15,0.00,0.00,0.00,1,0,,43.70,14.27,41.50,
10214,2025-11-14,13:02:00,0.00,90,28.98,78.84,976.12,354.11,44653.77,0.00,0.00,0.00,1,0,,43.70,14.09,41.40,
10214,2025-11-14,13:04:00,0.00,214,28.69,79.13,976.15,342.85,43233.84,0.00,0.00,0.00,1,0,,43.70,14.18,41.40,
10214,2025-11-14,13:05:00,0.00,217,28.62,78.64,976.18,331.07,41748.82,0.00,0.00,0.00,1,0,1,43.70,14.12,41.40,
10214,2025-11-14,13:06:00,0.00,213,28.59,79.53,976.20,316.80,39949.45,0.00,0.00,0.00,1,0,1,43.70,14.21,41.40,
10214,2025-11-14,13:07:00,0.00,169,28.52,79.55,976.25,287.22,36219.41,0.00,0.00,0.00,1,0,1,43.70,14.09,41.40,
10214,2025-11-14,13:09:00,0.64,152,28.46,80.45,976.30,209.34,26398.61,0.00,0.00,0.00,1,0,,43.60,13.95,41.30,
10214,2025-11-14,13:10:00,0.00,64,28.38,81.15,976.32,176.26,22227.00,0.00,0.00,0.00,1,0,1,43.60,14.21,41.20,
10214,2025-11-14,13:11:00,0.00,58,28.28,81.58,976.34,146.89,18523.37,0.00,0.00,0.00,1,0,1,43.60,14.27,41.20,
10214,2025-11-14,13:12:00,0.96,99,28.18,81.95,976.30,119.30,15044.05,0.00,0.00,0.00,1,0,,43.60,14.18,41.10,
10214,2025-11-14,13:13:00,1.17,258,28.18,82.44,976.32,97.25,12263.72,0.00,0.00,0.00,1,0,1,43.60,13.39,41.10,
10214,2025-11-14,13:14:00,0.00,190,28.08,81.79,976.32,84.31,10631.39,0.00,0.00,0.00,1,0,1,43.60,13.33,41.10,
10214,2025-11-14,13:15:00,0.00,190,27.97,82.96,976.31,74.73,9423.88,0.00,0.00,0.00,1,0,1,43.60,13.18,41.00,
10214,2025-11-14,13:16:00,0.00,190,27.91,83.10,976.32,65.76,8291.88,0.00,0.00,0.00,1,0,1,43.60,13.27,41.00,
10214,2025-11-14,13:17:00,0.00,190,27.84,82.25,976.31,58.30,7352.21,0.00,0.00,0.00,1,0,1,43.50,13.15,41.00,
10214,2025-11-14,13:18:00,0.00,253,27.83,82.48,976.31,52.41,6609.32,0.00,0.00,0.00,1,0,,43.60,13.07,40.90,
10214,2025-11-14,13:19:00,0.00,5,27.68,83.12,976.31,49.32,6218.72,0.00,0.00,0.00,1,0,,43.50,12.92,40.80,
10214,2025-11-14,13:20:00,0.00,5,27.70,83.88,976.35,48.81,6154.74,0.20,0.20,0.00,1,0,1,43.50,13.01,40.80,
10214,2025-11-14,13:21:00,0.00,328,27.53,84.53,976.32,47.57,5998.13,0.00,0.00,0.00,1,0,,43.50,12.92,40.80,
10214,2025-11-14,13:22:00,0.00,328,27.50,84.84,976.32,47.01,5928.56,0.20,0.20,0.00,1,0,1,43.50,13.15,40.70,
10214,2025-11-14,13:23:00,0.00,328,27.37,85.31,976.31,47.67,6011.89,0.00,0.20,0.00,1,0,1,43.50,13.13,40.60,
10214,2025-11-14,13:24:00,0.00,349,27.30,85.84,976.34,49.17,6200.87,0.00,0.20,0.00,1,0,1,43.50,13.01,40.60,
10214,2025-11-14,13:25:00,0.00,53,27.25,86.00,976.34,44.35,5592.28,0.20,0.40,0.00,1,0,1,43.40,13.04,40.50,
10214,2025-11-14,13:26:00,0.00,251,27.16,85.86,976.35,34.64,4368.40,0.00,0.00,0.00,1,0,,43.40,13.10,40.50,
10214,2025-11-14,13:28:00,0.00,15,26.81,88.09,976.45,26.84,3384.08,0.20,0.20,0.00,1,0,,43.30,13.04,40.30,
10214,2025-11-14,13:30:00,0.77,63,26.41,88.72,976.46,31.32,3949.15,1.20,1.80,0.00,1,0,,43.20,12.89,40.00,
10214,2025-11-14,13:32:00,0.00,354,26.16,91.58,976.43,27.26,3436.91,0.80,1.60,0.00,1,0,,43.10,12.92,39.80,
10214,2025-11-14,13:33:00,0.85,218,25.72,91.41,976.46,24.89,3138.19,0.00,0.60,0.00,1,0,,43.10,12.89,39.70,
10214,2025-11-14,13:34:00,0.00,123,25.48,91.68,976.45,22.30,2812.32,0.60,1.20,0.00,1,0,1,43.00,12.74,39.60,
10214,2025-11-14,13:35:00,0.00,292,25.28,92.25,976.44,20.25,2553.04,0.40,1.60,0.00,1,0,1,43.00,13.01,39.50,
10214,2025-11-14,13:36:00,0.64,10,25.18,93.21,976.40,18.29,2306.40,0.20,1.80,0.00,1,0,1,42.90,12.98,39.30,
10214,2025-11-14,13:37:00,0.00,49,25.04,93.55,976.40,17.82,2246.51,0.00,1.80,0.00,1,0,1,42.90,13.04,39.20,
10214,2025-11-14,13:38:00,0.00,50,24.94,93.89,976.41,17.88,2255.06,0.20,2.00,0.00,1,0,1,42.80,12.95,39.10,
10214,2025-11-14,13:39:00,0.70,70,24.86,94.12,976.38,21.28,2683.24,0.00,0.40,0.00,1,0,,42.80,12.89,39.10,
10214,2025-11-14,13:41:00,0.00,347,24.59,94.46,976.39,31.10,3922.37,0.00,0.20,0.00,1,0,,42.80,12.80,38.70,
10214,2025-11-14,13:42:00,0.00,166,24.56,94.63,976.37,35.65,4495.99,0.00,0.00,0.00,1,0,,42.90,12.77,38.50,
10214,2025-11-14,13:43:00,0.00,305,24.39,94.55,976.35,38.80,4893.29,0.00,0.00,0.00,1,0,1,42.90,13.01,38.40,
10214,2025-11-14,13:44:00,0.00,327,24.31,94.74,976.34,41.33,5211.35,0.00,0.00,0.00,1,0,1,42.90,13.07,38.30,
10214,2025-11-14,13:45:00,0.00,327,24.32,95.13,976.33,43.65,5503.74,0.20,0.20,0.00,1,0,1,43.00,13.04,38.10,
10214,2025-11-14,13:46:00,0.00,327,24.23,95.11,976.33,46.57,5872.39,0.00,0.20,0.00,1,0,1,43.00,12.98,38.00,
10214,2025-11-14,13:47:00,0.00,327,24.29,95.55,976.33,48.10,6065.83,0.00,0.20,0.00,1,0,1,43.00,12.77,37.90,
10214,2025-11-14,13:48:00,0.00,327,24.29,95.60,976.31,49.05,6185.62,0.00,0.20,0.00,1,0,1,43.10,12.83,37.80,
10214,2025-11-14,13:49:00,0.00,84,24.29,95.70,976.28,47.92,6042.40,0.00,0.20,0.00,1,0,1,43.20,13.01,37.70,
10214,2025-11-14,13:50:00,0.00,84,24.29,95.87,976.29,47.52,5991.80,0.00,0.20,0.00,1,0,1,43.20,12.98,37.50,
10214,2025-11-14,13:51:00,0.00,244,24.35,96.08,976.24,54.77,6906.18,0.00,0.20,0.00,1,0,1,43.30,13.04,37.50,
10214,2025-11-14,13:52:00,0.00,207,24.33,95.95,976.21,61.87,7802.33,0.00,0.20,0.00,1,0,1,43.40,12.83,37.30,
10214,2025-11-14,13:53:00,0.00,73,24.35,96.11,976.19,64.48,8130.43,0.00,0.20,0.00,1,0,1,43.40,13.01,37.20,
10214,2025-11-14,13:54:00,0.00,73,24.32,96.41,976.15,65.85,8303.41,0.00,0.20,0.00,1,0,1,43.50,13.01,37.10,
10214,2025-11-14,13:55:00,0.86,13,24.38,96.38,976.12,66.81,8424.31,0.00,0.20,0.00,1,0,1,43.60,13.01,37.00,
10214,2025-11-14,13:56:00,0.00,21,24.31,96.35,976.12,67.60,8524.01,0.00,0.20,0.00,1,0,1,43.60,12.89,36.90,
10214,2025-11-14,13:57:00,0.00,21,24.32,95.99,976.13,67.98,8572.00,0.00,0.20,0.00,1,0,,43.70,12.89,36.90,
10214,2025-11-14,13:58:00,0.00,21,24.25,95.96,976.13,65.58,8269.19,0.00,0.20,0.00,1,0,1,43.80,12.80,36.70,
10214,2025-11-14,13:59:00,0.00,153,24.22,95.94,976.16,60.93,7683.66,0.00,0.00,0.00,1,0,,43.90,13.04,36.70,
10214,2025-11-14,14:00:00,0.00,211,24.23,96.02,976.21,54.98,6933.34,0.00,0.00,0.00,1,0,,43.90,12.89,36.50,
10214,2025-11-14,14:02:00,0.00,111,24.15,96.28,976.19,59.47,7499.52,0.00,0.00,0.00,1,0,,44.00,12.80,36.40,
10214,2025-11-14,14:03:00,0.00,185,24.12,96.35,976.13,63.28,7979.40,0.00,0.00,0.00,1,0,1,44.00,12.83,36.30,
10214,2025-11-14,14:04:00,0.00,26,24.02,96.40,976.12,64.82,8174.33,0.00,0.00,0.00,1,0,,44.10,13.10,36.20,
10214,2025-11-14,14:05:00,1.13,63,24.07,96.34,976.13,65.37,8242.78,0.00,0.00,0.00,1,0,1,44.10,13.07,36.10,
10214,2025-11-14,14:06:00,0.00,104,24.00,96.25,976.11,65.25,8228.64,0.00,0.00,0.00,1,0,1,44.20,12.80,36.10,
10214,2025-11-14,14:07:00,1.15,76,23.98,96.28,976.08,65.58,8269.93,0.00,0.00,0.00,1,0,1,44.20,13.10,36.00,
10214,2025-11-14,14:08:00,0.00,62,24.02,96.28,976.05,66.40,8373.72,0.00,0.00,0.00,1,0,1,44.20,13.10,36.00,
10214,2025-11-14,14:09:00,0.00,46,23.85,96.30,976.03,66.14,8340.98,0.00,0.00,0.00,1,0,1,44.30,12.98,35.90,
10214,2025-11-14,14:10:00,0.00,53,23.98,96.46,976.02,64.12,8085.05,0.00,0.00,0.00,1,0,,44.30,12.98,35.80,
10214,2025-11-14,14:11:00,0.00,53,23.88,96.41,976.00,61.21,7718.63,0.00,0.00,0.00,1,0,1,44.30,13.10,35.70,
10214,2025-11-14,14:12:00,0.00,63,23.88,96.40,975.99,59.81,7542.30,0.00,0.00,0.00,1,0,1,44.40,13.07,35.70,
10214,2025-11-14,14:13:00,0.57,34,24.04,96.62,975.98,59.96,7561.27,0.00,0.00,0.00,1,0,1,44.40,12.95,35.60,
10214,2025-11-14,14:14:00,0.00,23,23.94,96.53,975.98,60.43,7620.42,0.00,0.00,0.00,1,0,1,44.50,12.80,35.60,
10214,2025-11-14,14:15:00,0.00,23,24.04,96.63,975.97,61.34,7734.62,0.00,0.00,0.00,1,0,1,44.50,13.04,35.50,
10214,2025-11-14,14:16:00,0.00,23,24.00,96.42,975.98,62.16,7838.04,0.00,0.00,0.00,1,0,,44.60,12.95,35.40,
10214,2025-11-14,14:17:00,0.00,23,24.05,96.36,975.99,63.21,7971.22,0.00,0.00,0.00,1,0,1,44.60,12.98,35.40,
10214,2025-11-14,14:18:00,0.00,23,23.97,96.27,975.97,65.11,8210.04,0.00,0.00,0.00,1,0,1,44.60,12.89,35.40,
10214,2025-11-14,14:19:00,0.00,23,23.93,96.36,975.99,68.10,8587.62,0.00,0.00,0.00,1,0,1,44.70,12.98,35.30,
10214,2025-11-14,14:20:00,0.00,23,24.01,96.40,975.99,70.68,8912.75,0.00,0.00,0.00,1,0,1,44.70,13.01,35.30,
10214,2025-11-14,14:21:00,0.00,23,23.85,96.30,976.00,73.66,9289.21,0.00,0.00,0.00,1,0,1,44.80,12.86,35.20,
10214,2025-11-14,14:22:00,0.00,23,24.01,96.17,976.00,77.37,9756.07,0.00,0.00,0.00,1,0,1,44.80,13.04,35.20,
10214,2025-11-14,14:23:00,0.00,23,23.95,96.17,975.99,80.25,10119.52,0.00,0.00,0.00,1,0,1,44.80,12.98,35.20,
10214,2025-11-14,14:24:00,0.00,23,23.97,96.10,975.98,83.21,10493.00,0.00,0.00,0.00,1,0,,44.80,13.07,35.10,
10214,2025-11-14,14:25:00,0.00,23,23.94,96.02,975.97,87.05,10976.60,0.00,0.00,0.00,1,0,1,44.90,12.86,35.10,
10214,2025-11-14,14:26:00,0.00,23,23.95,96.03,975.98,90.98,11472.11,0.00,0.00,0.00,1,0,1,44.90,13.07,35.00,
10214,2025-11-14,14:27:00,0.00,23,24.05,96.13,975.97,95.10,11992.16,0.00,0.00,0.00,1,0,1,44.90,13.10,35.00,
10214,2025-11-14,14:28:00,0.00,23,24.04,96.15,975.99,99.54,12552.77,0.00,0.00,0.00,1,0,1,44.90,12.98,35.00,
10214,2025-11-14,14:29:00,0.00,23,24.09,96.05,976.00,104.87,13223.86,0.00,0.00,0.00,1,0,,45.00,12.95,35.00,
10214,2025-11-14,14:30:00,0.00,23,24.09,96.17,976.02,110.60,13947.02,0.00,0.00,0.00,1,0,1,45.00,12.98,35.00,
10214,2025-11-14,14:31:00,0.00,23,24.21,96.25,976.01,114.57,14446.99,0.00,0.00,0.00,1,0,1,45.00,13.15,35.00,
10214,2025-11-14,14:32:00,0.00,23,24.05,95.94,976.02,119.26,15038.47,0.00,0.00,0.00,1,0,1,45.00,13.07,35.00,
10214,2025-11-14,14:33:00,0.00,23,24.19,95.98,976.03,124.66,15719.98,0.00,0.00,0.00,1,0,1,45.10,13.04,35.00,
10214,2025-11-14,14:34:00,0.00,23,24.21,95.99,976.03,129.73,16359.44,0.00,0.00,0.00,1,0,1,45.10,13.18,34.90,
10214,2025-11-14,14:35:00,0.00,23,24.22,95.88,976.02,132.16,16665.23,0.00,0.00,0.00,1,0,1,45.10,13.10,34.90,
10214,2025-11-14,14:36:00,0.00,23,24.23,95.76,975.98,135.69,17110.88,0.00,0.00,0.00,1,0,1,45.10,13.21,34.80,
10214,2025-11-14,14:37:00,0.00,100,24.29,95.91,975.96,142.50,17969.83,0.00,0.00,0.00,1,0,,45.20,13.24,34.80,
10214,2025-11-14,14:38:00,0.00,100,24.33,96.00,975.91,146.46,18469.06,0.00,0.00,0.00,1,0,1,45.20,12.92,34.80,
10214,2025-11-14,14:39:00,0.00,100,24.38,96.03,975.86,151.16,19061.65,0.00,0.00,0.00,1,0,1,45.20,13.27,34.80,
10214,2025-11-14,14:40:00,0.58,234,24.33,95.83,975.82,155.86,19654.25,0.00,0.00,0.00,1,0,1,45.20,13.27,34.80,
10214,2025-11-14,14:41:00,0.00,185,24.39,95.70,975.78,160.97,20298.92,0.00,0.00,0.00,1,0,1,45.30,13.30,34.80,
10214,2025-11-14,14:42:00,0.00,185,24.39,95.89,975.78,163.96,20675.39,0.00,0.00,0.00,1,0,1,45.30,13.01,34.80,
10214,2025-11-14,14:43:00,0.00,185,24.48,95.97,975.75,166.76,21028.79,0.00,0.00,0.00,1,0,,45.30,13.30,34.80,
10214,2025-11-14,14:44:00,0.00,185,24.42,95.66,975.72,170.15,21456.22,0.00,0.00,0.00,1,0,1,45.30,13.30,34.80,
10214,2025-11-14,14:45:00,0.00,185,24.43,95.86,975.71,173.35,21860.21,0.00,0.00,0.00,1,0,,45.40,13.33,34.80,
10214,2025-11-14,14:46:00,0.00,185,24.43,95.51,975.69,176.02,22196.13,0.00,0.00,0.00,1,0,1,45.40,13.42,34.70,
10214,2025-11-14,14:47:00,0.00,185,24.40,95.27,975.68,177.95,22440.16,0.00,0.00,0.00,1,0,1,45.40,13.18,34.70,
10214,2025-11-14,14:48:00,0.00,185,24.33,94.93,975.67,179.76,22668.19,0.00,0.00,0.00,1,0,1,45.40,13.33,34.70,
10214,2025-11-14,14:49:00,0.00,185,24.44,95.12,975.68,180.37,22745.57,0.00,0.00,0.00,1,0,1,45.50,13.39,34.80,
10214,2025-11-14,14:50:00,0.00,185,24.51,95.15,975.70,180.09,22709.11,0.00,0.00,0.00,1,0,1,45.50,13.15,34.80,
10214,2025-11-14,14:51:00,0.00,202,24.56,95.04,975.73,180.85,22805.46,0.00,0.00,0.00,1,0,1,45.50,13.36,34.80,
10214,2025-11-14,14:52:00,0.00,202,24.52,94.85,975.75,180.91,22813.64,0.00,0.00,0.00,1,0,1,45.50,13.24,34.80,
10214,2025-11-14,14:53:00,0.00,202,24.53,94.61,975.75,179.50,22634.71,0.00,0.00,0.00,1,0,1,45.50,13.51,34.80,
10214,2025-11-14,14:54:00,0.00,202,24.48,94.67,975.76,177.50,22383.24,0.00,0.00,0.00,1,0,1,45.50,13.36,34.70,
10214,2025-11-14,14:55:00,0.00,202,24.51,94.76,975.79,173.50,21878.06,0.00,0.00,0.00,1,0,1,45.50,13.33,34.80,
10214,2025-11-14,14:56:00,0.67,43,24.62,95.06,975.81,171.52,21629.20,0.00,0.00,0.00,1,0,1,45.50,13.30,34.80,
10214,2025-11-14,14:57:00,0.00,57,24.67,94.78,975.81,170.67,21521.69,0.00,0.00,0.00,1,0,1,45.50,13.36,34.80,
10214,2025-11-14,14:58:00,0.00,57,24.70,94.96,975.81,168.32,21225.21,0.00,0.00,0.00,1,0,1,45.50,13.21,34.80,
10214,2025-11-14,14:59:00,0.70,123,24.70,95.01,975.81,161.43,20356.96,0.00,0.00,0.00,1,0,1,45.60,13.27,34.80,
10214,2025-11-14,15:00:00,0.00,48,24.77,94.78,975.80,157.46,19855.50,0.00,0.00,0.00,1,0,1,45.60,13.24,34.80,
10214,2025-11-14,15:02:00,0.00,56,24.86,94.70,975.82,150.19,18939.26,0.00,0.00,0.00,1,0,,45.60,13.30,34.80,
10214,2025-11-14,15:03:00,0.00,57,24.74,94.64,975.83,145.61,18362.29,0.00,0.00,0.00,1,0,1,45.60,13.45,34.80,
10214,2025-11-14,15:04:00,0.00,57,24.83,94.73,975.84,141.86,17888.37,0.00,0.00,0.00,1,0,1,45.60,13.15,34.80,
10214,2025-11-14,15:05:00,0.00,57,24.81,94.27,975.86,138.49,17463.54,0.00,0.00,0.00,1,0,1,45.60,13.33,34.80,
10214,2025-11-14,15:06:00,0.62,160,24.70,94.27,975.89,136.66,17232.53,0.00,0.00,0.00,1,0,1,45.60,13.30,34.90,
10214,2025-11-14,15:07:00,0.00,219,24.74,94.29,975.89,135.65,17105.68,0.00,0.00,0.00,1,0,1,45.60,13.18,34.90,
10214,2025-11-14,15:08:00,0.00,153,24.72,94.47,975.91,135.28,17058.43,0.00,0.00,0.00,1,0,1,45.60,13.18,34.90,
10214,2025-11-14,15:09:00,0.00,180,24.76,94.71,975.91,135.79,17123.53,0.00,0.00,0.00,1,0,1,45.60,13.42,35.00,
10214,2025-11-14,15:10:00,0.00,180,24.69,94.65,975.91,133.51,16835.60,0.00,0.00,0.00,1,0,1,45.60,13.36,35.00,
10214,2025-11-14,15:11:00,0.94,138,24.66,94.63,975.90,135.65,17105.68,0.00,0.00,0.00,1,0,1,45.50,13.27,35.00,
10214,2025-11-14,15:12:00,0.00,180,24.66,94.50,975.90,136.58,17223.23,0.00,0.00,0.00,1,0,1,45.50,13.39,35.00,
10214,2025-11-14,15:13:00,0.00,180,24.67,94.66,975.89,137.62,17354.54,0.00,0.00,0.00,1,0,1,45.50,13.21,35.00,
10214,2025-11-14,15:14:00,0.00,101,24.70,94.80,975.89,135.76,17119.44,0.00,0.00,0.00,1,0,1,45.50,13.21,35.00,
10214,2025-11-14,15:15:00,0.00,140,24.69,94.74,975.87,137.33,17318.09,0.00,0.00,0.00,1,0,1,45.50,13.42,35.00,
10214,2025-11-14,15:16:00,0.00,106,24.60,94.50,975.86,142.69,17994.01,0.00,0.00,0.00,1,0,1,45.50,13.21,35.00,
10214,2025-11-14,15:17:00,0.00,106,24.63,94.74,975.85,149.71,18879.00,0.00,0.00,0.00,1,0,1,45.50,13.33,35.00,
10214,2025-11-14,15:18:00,0.64,127,24.59,94.73,975.84,155.12,19561.25,0.00,0.00,0.00,1,0,1,45.50,13.51,35.00,
10214,2025-11-14,15:19:00,0.00,123,24.49,94.63,975.82,155.12,19560.88,0.00,0.00,0.00,1,0,1,45.50,13.48,35.00,
10214,2025-11-14,15:20:00,0.00,201,24.49,94.68,975.84,159.38,20097.67,0.00,0.00,0.00,1,0,1,45.40,13.56,35.00,
10214,2025-11-14,15:21:00,0.00,201,24.56,94.93,975.86,166.40,20983.40,0.00,0.00,0.00,1,0,1,45.40,13.77,35.00,
10214,2025-11-14,15:22:00,0.00,57,24.64,95.01,975.88,167.30,21096.49,0.00,0.00,0.00,1,0,1,45.50,13.80,35.00,
10214,2025-11-14,15:23:00,0.00,25,24.62,94.93,975.87,168.23,21213.67,0.00,0.00,0.00,1,0,1,45.40,13.92,35.00,
10214,2025-11-14,15:24:00,0.00,56,24.67,94.78,975.86,168.34,21228.18,0.00,0.00,0.00,1,0,1,45.40,13.92,35.00,
10214,2025-11-14,15:25:00,0.00,100,24.69,94.77,975.86,168.34,21228.18,0.00,0.00,0.00,1,0,1,45.40,13.89,35.00,
10214,2025-11-14,15:26:00,0.00,100,24.67,94.89,975.84,168.38,21233.39,0.00,0.00,0.00,1,0,1,45.40,14.15,35.00,
10214,2025-11-14,15:27:00,0.00,55,24.74,94.88,975.82,168.29,21221.48,0.00,0.00,0.00,1,0,1,45.40,14.15,35.00,
10214,2025-11-14,15:28:00,0.00,23,24.72,94.83,975.79,168.03,21188.38,0.00,0.00,0.00,1,0,1,45.40,14.15,35.00,
10214,2025-11-14,15:29:00,0.00,23,24.81,94.85,975.80,168.09,21196.56,0.00,0.00,0.00,1,0,1,45.50,13.89,35.00,
10214,2025-11-14,15:30:00,0.00,23,24.91,95.04,975.79,169.14,21328.99,0.00,0.00,0.00,1,0,1,45.50,13.89,35.00,
10214,2025-11-14,15:31:00,0.00,52,24.91,94.86,975.79,171.14,21581.21,0.00,0.00,0.00,1,0,1,45.50,14.18,35.00,
10214,2025-11-14,15:32:00,0.00,52,24.97,94.50,975.78,172.10,21701.74,0.00,0.00,0.00,1,0,,45.50,13.92,35.10,
10214,2025-11-14,15:33:00,0.00,52,25.01,94.51,975.79,170.91,21552.56,0.00,0.00,0.00,1,0,1,45.50,14.18,35.10,
10214,2025-11-14,15:34:00,0.00,52,25.09,94.45,975.78,168.47,21244.92,0.00,0.00,0.00,1,0,,45.50,14.12,35.10,
10214,2025-11-14,15:35:00,0.00,52,25.03,94.36,975.78,165.35,20851.34,0.00,0.00,0.00,1,0,,45.50,13.97,35.10,
10214,2025-11-14,15:36:00,0.00,52,25.06,94.28,975.76,161.75,20396.76,0.00,0.00,0.00,1,0,1,45.